src,dst,type
n_16,n_17,HAS_DIRECTOR
n_16,n_18,HAS_BANK_ACCOUNT
n_16,n_19,USES_IP
n_20,n_21,HAS_DIRECTOR
n_20,n_22,HAS_BANK_ACCOUNT
n_20,n_23,USES_IP
n_24,n_25,HAS_DIRECTOR
n_24,n_26,HAS_BANK_ACCOUNT
n_24,n_27,USES_IP
n_28,n_7,HAS_DIRECTOR
n_28,n_29,HAS_BANK_ACCOUNT
n_28,n_30,USES_IP
n_31,n_32,HAS_DIRECTOR
n_31,n_33,HAS_BANK_ACCOUNT
n_31,n_34,USES_IP
n_35,n_36,HAS_DIRECTOR
n_35,n_37,HAS_DIRECTOR
n_35,n_38,HAS_BANK_ACCOUNT
n_35,n_39,USES_IP
n_40,n_41,HAS_DIRECTOR
n_40,n_42,HAS_BANK_ACCOUNT
n_40,n_43,USES_IP
n_44,n_45,HAS_DIRECTOR
n_44,n_46,HAS_DIRECTOR
n_44,n_47,HAS_BANK_ACCOUNT
n_44,n_48,USES_IP
n_49,n_50,HAS_DIRECTOR
n_49,n_51,HAS_DIRECTOR
n_49,n_52,HAS_BANK_ACCOUNT
n_49,n_4,USES_IP
n_53,n_11,HAS_DIRECTOR
n_53,n_54,HAS_BANK_ACCOUNT
n_53,n_55,USES_IP
n_56,n_57,HAS_DIRECTOR
n_56,n_58,HAS_DIRECTOR
n_56,n_59,HAS_BANK_ACCOUNT
n_56,n_60,USES_IP
n_61,n_62,HAS_DIRECTOR
n_61,n_63,HAS_DIRECTOR
n_61,n_64,HAS_BANK_ACCOUNT
n_61,n_3,USES_IP
n_65,n_66,HAS_DIRECTOR
n_65,n_67,HAS_DIRECTOR
n_65,n_68,HAS_BANK_ACCOUNT
n_65,n_69,USES_IP
n_70,n_71,HAS_DIRECTOR
n_70,n_72,HAS_BANK_ACCOUNT
n_70,n_73,USES_IP
n_74,n_75,HAS_DIRECTOR
n_74,n_76,HAS_BANK_ACCOUNT
n_74,n_77,USES_IP
n_78,n_79,HAS_DIRECTOR
n_78,n_80,HAS_DIRECTOR
n_78,n_81,HAS_BANK_ACCOUNT
n_78,n_82,USES_IP
n_83,n_84,HAS_DIRECTOR
n_83,n_85,HAS_DIRECTOR
n_83,n_86,HAS_BANK_ACCOUNT
n_83,n_3,USES_IP
n_87,n_88,HAS_DIRECTOR
n_87,n_89,HAS_DIRECTOR
n_87,n_90,HAS_BANK_ACCOUNT
n_87,n_91,USES_IP
n_92,n_93,HAS_DIRECTOR
n_92,n_94,HAS_BANK_ACCOUNT
n_92,n_95,USES_IP
n_96,n_97,HAS_DIRECTOR
n_96,n_98,HAS_BANK_ACCOUNT
n_96,n_4,USES_IP
n_99,n_100,HAS_DIRECTOR
n_99,n_101,HAS_BANK_ACCOUNT
n_99,n_102,USES_IP
n_103,n_104,HAS_DIRECTOR
n_103,n_105,HAS_BANK_ACCOUNT
n_103,n_106,USES_IP
n_107,n_11,HAS_DIRECTOR
n_107,n_108,HAS_BANK_ACCOUNT
n_107,n_109,USES_IP
n_110,n_15,HAS_DIRECTOR
n_110,n_111,HAS_BANK_ACCOUNT
n_110,n_112,USES_IP
n_113,n_114,HAS_DIRECTOR
n_113,n_115,HAS_DIRECTOR
n_113,n_116,HAS_BANK_ACCOUNT
n_113,n_117,USES_IP
n_118,n_119,HAS_DIRECTOR
n_118,n_120,HAS_DIRECTOR
n_118,n_121,HAS_BANK_ACCOUNT
n_118,n_2,USES_IP
n_122,n_123,HAS_DIRECTOR
n_122,n_124,HAS_DIRECTOR
n_122,n_125,HAS_BANK_ACCOUNT
n_122,n_126,USES_IP
n_127,n_128,HAS_DIRECTOR
n_127,n_129,HAS_DIRECTOR
n_127,n_130,HAS_BANK_ACCOUNT
n_127,n_131,USES_IP
n_132,n_133,HAS_DIRECTOR
n_132,n_134,HAS_BANK_ACCOUNT
n_132,n_135,USES_IP
n_136,n_6,HAS_DIRECTOR
n_136,n_137,HAS_BANK_ACCOUNT
n_136,n_138,USES_IP
n_139,n_140,HAS_DIRECTOR
n_139,n_141,HAS_BANK_ACCOUNT
n_139,n_142,USES_IP
n_143,n_144,HAS_DIRECTOR
n_143,n_145,HAS_BANK_ACCOUNT
n_143,n_146,USES_IP
n_147,n_148,HAS_DIRECTOR
n_147,n_149,HAS_DIRECTOR
n_147,n_150,HAS_BANK_ACCOUNT
n_147,n_151,USES_IP
n_152,n_153,HAS_DIRECTOR
n_152,n_154,HAS_BANK_ACCOUNT
n_152,n_155,USES_IP
n_156,n_157,HAS_DIRECTOR
n_156,n_158,HAS_DIRECTOR
n_156,n_159,HAS_BANK_ACCOUNT
n_156,n_160,USES_IP
n_161,n_162,HAS_DIRECTOR
n_161,n_163,HAS_DIRECTOR
n_161,n_164,HAS_BANK_ACCOUNT
n_161,n_165,USES_IP
n_166,n_167,HAS_DIRECTOR
n_166,n_168,HAS_DIRECTOR
n_166,n_169,HAS_BANK_ACCOUNT
n_166,n_170,USES_IP
n_171,n_172,HAS_DIRECTOR
n_171,n_173,HAS_BANK_ACCOUNT
n_171,n_174,USES_IP
n_175,n_176,HAS_DIRECTOR
n_175,n_177,HAS_BANK_ACCOUNT
n_175,n_2,USES_IP
n_178,n_179,HAS_DIRECTOR
n_178,n_180,HAS_BANK_ACCOUNT
n_178,n_181,USES_IP
n_182,n_183,HAS_DIRECTOR
n_182,n_184,HAS_BANK_ACCOUNT
n_182,n_185,USES_IP
n_186,n_187,HAS_DIRECTOR
n_186,n_188,HAS_DIRECTOR
n_186,n_189,HAS_BANK_ACCOUNT
n_186,n_190,USES_IP
n_191,n_192,HAS_DIRECTOR
n_191,n_193,HAS_BANK_ACCOUNT
n_191,n_4,USES_IP
n_194,n_195,HAS_DIRECTOR
n_194,n_196,HAS_BANK_ACCOUNT
n_194,n_4,USES_IP
n_197,n_198,HAS_DIRECTOR
n_197,n_199,HAS_BANK_ACCOUNT
n_197,n_200,USES_IP
n_201,n_202,HAS_DIRECTOR
n_201,n_203,HAS_DIRECTOR
n_201,n_204,HAS_BANK_ACCOUNT
n_201,n_205,USES_IP
n_206,n_207,HAS_DIRECTOR
n_206,n_208,HAS_BANK_ACCOUNT
n_206,n_209,USES_IP
n_210,n_211,HAS_DIRECTOR
n_210,n_212,HAS_DIRECTOR
n_210,n_213,HAS_BANK_ACCOUNT
n_210,n_214,USES_IP
n_215,n_216,HAS_DIRECTOR
n_215,n_217,HAS_BANK_ACCOUNT
n_215,n_218,USES_IP
n_219,n_6,HAS_DIRECTOR
n_219,n_220,HAS_BANK_ACCOUNT
n_219,n_221,USES_IP
n_222,n_223,HAS_DIRECTOR
n_222,n_224,HAS_BANK_ACCOUNT
n_222,n_1,USES_IP
n_225,n_226,HAS_DIRECTOR
n_225,n_227,HAS_BANK_ACCOUNT
n_225,n_228,USES_IP
n_229,n_9,HAS_DIRECTOR
n_229,n_230,HAS_BANK_ACCOUNT
n_229,n_231,USES_IP
n_232,n_233,HAS_DIRECTOR
n_232,n_234,HAS_BANK_ACCOUNT
n_232,n_235,USES_IP
n_236,n_237,HAS_DIRECTOR
n_236,n_238,HAS_DIRECTOR
n_236,n_239,HAS_BANK_ACCOUNT
n_236,n_240,USES_IP
n_241,n_242,HAS_DIRECTOR
n_241,n_243,HAS_DIRECTOR
n_241,n_244,HAS_BANK_ACCOUNT
n_241,n_1,USES_IP
n_245,n_246,HAS_DIRECTOR
n_245,n_247,HAS_DIRECTOR
n_245,n_248,HAS_BANK_ACCOUNT
n_245,n_249,USES_IP
n_250,n_251,HAS_DIRECTOR
n_250,n_252,HAS_BANK_ACCOUNT
n_250,n_253,USES_IP
n_254,n_255,HAS_DIRECTOR
n_254,n_256,HAS_BANK_ACCOUNT
n_254,n_3,USES_IP
n_257,n_258,HAS_DIRECTOR
n_257,n_259,HAS_BANK_ACCOUNT
n_257,n_260,USES_IP
n_261,n_262,HAS_DIRECTOR
n_261,n_263,HAS_DIRECTOR
n_261,n_264,HAS_BANK_ACCOUNT
n_261,n_2,USES_IP
n_265,n_266,HAS_DIRECTOR
n_265,n_267,HAS_BANK_ACCOUNT
n_265,n_268,USES_IP
n_269,n_14,HAS_DIRECTOR
n_269,n_270,HAS_BANK_ACCOUNT
n_269,n_5,USES_IP
n_271,n_272,HAS_DIRECTOR
n_271,n_273,HAS_BANK_ACCOUNT
n_271,n_274,USES_IP
n_275,n_276,HAS_DIRECTOR
n_275,n_277,HAS_BANK_ACCOUNT
n_275,n_278,USES_IP
n_279,n_280,HAS_DIRECTOR
n_279,n_281,HAS_DIRECTOR
n_279,n_282,HAS_BANK_ACCOUNT
n_279,n_283,USES_IP
n_284,n_285,HAS_DIRECTOR
n_284,n_286,HAS_BANK_ACCOUNT
n_284,n_287,USES_IP
n_288,n_289,HAS_DIRECTOR
n_288,n_290,HAS_DIRECTOR
n_288,n_291,HAS_BANK_ACCOUNT
n_288,n_292,USES_IP
n_293,n_294,HAS_DIRECTOR
n_293,n_295,HAS_DIRECTOR
n_293,n_296,HAS_BANK_ACCOUNT
n_293,n_3,USES_IP
n_297,n_298,HAS_DIRECTOR
n_297,n_299,HAS_BANK_ACCOUNT
n_297,n_300,USES_IP
n_301,n_302,HAS_DIRECTOR
n_301,n_303,HAS_DIRECTOR
n_301,n_304,HAS_BANK_ACCOUNT
n_301,n_5,USES_IP
n_305,n_306,HAS_DIRECTOR
n_305,n_307,HAS_BANK_ACCOUNT
n_305,n_5,USES_IP
n_308,n_8,HAS_DIRECTOR
n_308,n_309,HAS_BANK_ACCOUNT
n_308,n_1,USES_IP
n_310,n_311,HAS_DIRECTOR
n_310,n_312,HAS_BANK_ACCOUNT
n_310,n_313,USES_IP
n_314,n_315,HAS_DIRECTOR
n_314,n_316,HAS_BANK_ACCOUNT
n_314,n_317,USES_IP
n_318,n_7,HAS_DIRECTOR
n_318,n_319,HAS_BANK_ACCOUNT
n_318,n_320,USES_IP
n_321,n_322,HAS_DIRECTOR
n_321,n_323,HAS_DIRECTOR
n_321,n_324,HAS_BANK_ACCOUNT
n_321,n_325,USES_IP
n_326,n_327,HAS_DIRECTOR
n_326,n_328,HAS_DIRECTOR
n_326,n_329,HAS_BANK_ACCOUNT
n_326,n_330,USES_IP
n_331,n_332,HAS_DIRECTOR
n_331,n_333,HAS_DIRECTOR
n_331,n_334,HAS_BANK_ACCOUNT
n_331,n_335,USES_IP
n_336,n_337,HAS_DIRECTOR
n_336,n_338,HAS_BANK_ACCOUNT
n_336,n_5,USES_IP
n_339,n_340,HAS_DIRECTOR
n_339,n_341,HAS_BANK_ACCOUNT
n_339,n_2,USES_IP
n_342,n_343,HAS_DIRECTOR
n_342,n_344,HAS_BANK_ACCOUNT
n_342,n_345,USES_IP
n_346,n_347,HAS_DIRECTOR
n_346,n_348,HAS_BANK_ACCOUNT
n_346,n_349,USES_IP
n_350,n_351,HAS_DIRECTOR
n_350,n_352,HAS_DIRECTOR
n_350,n_353,HAS_BANK_ACCOUNT
n_350,n_354,USES_IP
n_355,n_356,HAS_DIRECTOR
n_355,n_357,HAS_BANK_ACCOUNT
n_355,n_358,USES_IP
n_359,n_360,HAS_DIRECTOR
n_359,n_361,HAS_BANK_ACCOUNT
n_359,n_362,USES_IP
n_363,n_364,HAS_DIRECTOR
n_363,n_365,HAS_BANK_ACCOUNT
n_363,n_366,USES_IP
n_367,n_368,HAS_DIRECTOR
n_367,n_369,HAS_BANK_ACCOUNT
n_367,n_370,USES_IP
n_371,n_372,HAS_DIRECTOR
n_371,n_373,HAS_DIRECTOR
n_371,n_374,HAS_BANK_ACCOUNT
n_371,n_375,USES_IP
n_376,n_377,HAS_DIRECTOR
n_376,n_378,HAS_DIRECTOR
n_376,n_379,HAS_BANK_ACCOUNT
n_376,n_380,USES_IP
n_381,n_382,HAS_DIRECTOR
n_381,n_383,HAS_BANK_ACCOUNT
n_381,n_4,USES_IP
n_384,n_385,HAS_DIRECTOR
n_384,n_386,HAS_BANK_ACCOUNT
n_384,n_2,USES_IP
n_387,n_388,HAS_DIRECTOR
n_387,n_389,HAS_DIRECTOR
n_387,n_390,HAS_BANK_ACCOUNT
n_387,n_4,USES_IP
n_391,n_392,HAS_DIRECTOR
n_391,n_393,HAS_DIRECTOR
n_391,n_394,HAS_BANK_ACCOUNT
n_391,n_395,USES_IP
n_396,n_397,HAS_DIRECTOR
n_396,n_398,HAS_BANK_ACCOUNT
n_396,n_399,USES_IP
n_400,n_401,HAS_DIRECTOR
n_400,n_402,HAS_BANK_ACCOUNT
n_400,n_403,USES_IP
n_404,n_11,HAS_DIRECTOR
n_404,n_405,HAS_BANK_ACCOUNT
n_404,n_406,USES_IP
n_407,n_408,HAS_DIRECTOR
n_407,n_409,HAS_BANK_ACCOUNT
n_407,n_410,USES_IP
n_411,n_412,HAS_DIRECTOR
n_411,n_413,HAS_BANK_ACCOUNT
n_411,n_414,USES_IP
n_415,n_416,HAS_DIRECTOR
n_415,n_417,HAS_DIRECTOR
n_415,n_418,HAS_BANK_ACCOUNT
n_415,n_419,USES_IP
n_420,n_421,HAS_DIRECTOR
n_420,n_422,HAS_BANK_ACCOUNT
n_420,n_423,USES_IP
n_424,n_425,HAS_DIRECTOR
n_424,n_426,HAS_BANK_ACCOUNT
n_424,n_427,USES_IP
n_428,n_11,HAS_DIRECTOR
n_428,n_429,HAS_BANK_ACCOUNT
n_428,n_430,USES_IP
n_431,n_432,HAS_DIRECTOR
n_431,n_433,HAS_BANK_ACCOUNT
n_431,n_434,USES_IP
n_435,n_436,HAS_DIRECTOR
n_435,n_437,HAS_BANK_ACCOUNT
n_435,n_438,USES_IP
n_439,n_13,HAS_DIRECTOR
n_439,n_440,HAS_BANK_ACCOUNT
n_439,n_441,USES_IP
n_442,n_443,HAS_DIRECTOR
n_442,n_444,HAS_DIRECTOR
n_442,n_445,HAS_BANK_ACCOUNT
n_442,n_446,USES_IP
n_447,n_448,HAS_DIRECTOR
n_447,n_449,HAS_BANK_ACCOUNT
n_447,n_450,USES_IP
n_451,n_452,HAS_DIRECTOR
n_451,n_453,HAS_DIRECTOR
n_451,n_454,HAS_BANK_ACCOUNT
n_451,n_455,USES_IP
n_456,n_457,HAS_DIRECTOR
n_456,n_458,HAS_DIRECTOR
n_456,n_459,HAS_BANK_ACCOUNT
n_456,n_460,USES_IP
n_461,n_462,HAS_DIRECTOR
n_461,n_463,HAS_DIRECTOR
n_461,n_464,HAS_BANK_ACCOUNT
n_461,n_465,USES_IP
n_466,n_467,HAS_DIRECTOR
n_466,n_468,HAS_DIRECTOR
n_466,n_469,HAS_BANK_ACCOUNT
n_466,n_3,USES_IP
n_470,n_15,HAS_DIRECTOR
n_470,n_471,HAS_BANK_ACCOUNT
n_470,n_472,USES_IP
n_473,n_474,HAS_DIRECTOR
n_473,n_475,HAS_DIRECTOR
n_473,n_476,HAS_BANK_ACCOUNT
n_473,n_477,USES_IP
n_478,n_479,HAS_DIRECTOR
n_478,n_480,HAS_BANK_ACCOUNT
n_478,n_481,USES_IP
n_482,n_483,HAS_DIRECTOR
n_482,n_484,HAS_DIRECTOR
n_482,n_485,HAS_BANK_ACCOUNT
n_482,n_4,USES_IP
n_486,n_14,HAS_DIRECTOR
n_486,n_487,HAS_BANK_ACCOUNT
n_486,n_488,USES_IP
n_489,n_490,HAS_DIRECTOR
n_489,n_491,HAS_BANK_ACCOUNT
n_489,n_492,USES_IP
n_493,n_11,HAS_DIRECTOR
n_493,n_494,HAS_BANK_ACCOUNT
n_493,n_495,USES_IP
n_496,n_497,HAS_DIRECTOR
n_496,n_498,HAS_BANK_ACCOUNT
n_496,n_499,USES_IP
n_500,n_501,HAS_DIRECTOR
n_500,n_502,HAS_DIRECTOR
n_500,n_503,HAS_BANK_ACCOUNT
n_500,n_504,USES_IP
n_505,n_506,HAS_DIRECTOR
n_505,n_507,HAS_DIRECTOR
n_505,n_508,HAS_BANK_ACCOUNT
n_505,n_509,USES_IP
n_510,n_511,HAS_DIRECTOR
n_510,n_512,HAS_DIRECTOR
n_510,n_513,HAS_BANK_ACCOUNT
n_510,n_514,USES_IP
n_515,n_516,HAS_DIRECTOR
n_515,n_517,HAS_DIRECTOR
n_515,n_518,HAS_BANK_ACCOUNT
n_515,n_519,USES_IP
n_520,n_521,HAS_DIRECTOR
n_520,n_522,HAS_DIRECTOR
n_520,n_523,HAS_BANK_ACCOUNT
n_520,n_524,USES_IP
n_525,n_526,HAS_DIRECTOR
n_525,n_527,HAS_DIRECTOR
n_525,n_528,HAS_BANK_ACCOUNT
n_525,n_529,USES_IP
n_530,n_531,HAS_DIRECTOR
n_530,n_532,HAS_BANK_ACCOUNT
n_530,n_533,USES_IP
n_534,n_535,HAS_DIRECTOR
n_534,n_536,HAS_BANK_ACCOUNT
n_534,n_537,USES_IP
n_538,n_539,HAS_DIRECTOR
n_538,n_540,HAS_DIRECTOR
n_538,n_541,HAS_BANK_ACCOUNT
n_538,n_2,USES_IP
n_542,n_543,HAS_DIRECTOR
n_542,n_544,HAS_BANK_ACCOUNT
n_542,n_545,USES_IP
n_546,n_547,HAS_DIRECTOR
n_546,n_548,HAS_BANK_ACCOUNT
n_546,n_549,USES_IP
n_550,n_551,HAS_DIRECTOR
n_550,n_552,HAS_BANK_ACCOUNT
n_550,n_553,USES_IP
n_554,n_555,HAS_DIRECTOR
n_554,n_556,HAS_BANK_ACCOUNT
n_554,n_557,USES_IP
n_558,n_559,HAS_DIRECTOR
n_558,n_560,HAS_DIRECTOR
n_558,n_561,HAS_BANK_ACCOUNT
n_558,n_562,USES_IP
n_563,n_564,HAS_DIRECTOR
n_563,n_565,HAS_BANK_ACCOUNT
n_563,n_566,USES_IP
n_567,n_568,HAS_DIRECTOR
n_567,n_569,HAS_BANK_ACCOUNT
n_567,n_570,USES_IP
n_571,n_572,HAS_DIRECTOR
n_571,n_573,HAS_DIRECTOR
n_571,n_574,HAS_BANK_ACCOUNT
n_571,n_2,USES_IP
n_575,n_576,HAS_DIRECTOR
n_575,n_577,HAS_BANK_ACCOUNT
n_575,n_578,USES_IP
n_579,n_580,HAS_DIRECTOR
n_579,n_581,HAS_DIRECTOR
n_579,n_582,HAS_BANK_ACCOUNT
n_579,n_583,USES_IP
n_584,n_585,HAS_DIRECTOR
n_584,n_586,HAS_DIRECTOR
n_584,n_587,HAS_BANK_ACCOUNT
n_584,n_588,USES_IP
n_589,n_590,HAS_DIRECTOR
n_589,n_591,HAS_BANK_ACCOUNT
n_589,n_592,USES_IP
n_593,n_594,HAS_DIRECTOR
n_593,n_595,HAS_DIRECTOR
n_593,n_596,HAS_BANK_ACCOUNT
n_593,n_597,USES_IP
n_598,n_599,HAS_DIRECTOR
n_598,n_600,HAS_DIRECTOR
n_598,n_601,HAS_BANK_ACCOUNT
n_598,n_602,USES_IP
n_603,n_604,HAS_DIRECTOR
n_603,n_605,HAS_BANK_ACCOUNT
n_603,n_606,USES_IP
n_607,n_10,HAS_DIRECTOR
n_607,n_608,HAS_BANK_ACCOUNT
n_607,n_609,USES_IP
n_610,n_611,HAS_DIRECTOR
n_610,n_612,HAS_BANK_ACCOUNT
n_610,n_2,USES_IP
n_613,n_614,HAS_DIRECTOR
n_613,n_615,HAS_BANK_ACCOUNT
n_613,n_616,USES_IP
n_617,n_12,HAS_DIRECTOR
n_617,n_618,HAS_BANK_ACCOUNT
n_617,n_619,USES_IP
n_620,n_621,HAS_DIRECTOR
n_620,n_622,HAS_BANK_ACCOUNT
n_620,n_623,USES_IP
n_624,n_625,HAS_DIRECTOR
n_624,n_626,HAS_BANK_ACCOUNT
n_624,n_627,USES_IP
n_628,n_629,HAS_DIRECTOR
n_628,n_630,HAS_DIRECTOR
n_628,n_631,HAS_BANK_ACCOUNT
n_628,n_632,USES_IP
n_633,n_634,HAS_DIRECTOR
n_633,n_635,HAS_DIRECTOR
n_633,n_636,HAS_BANK_ACCOUNT
n_633,n_637,USES_IP
n_638,n_639,HAS_DIRECTOR
n_638,n_640,HAS_DIRECTOR
n_638,n_641,HAS_BANK_ACCOUNT
n_638,n_642,USES_IP
n_643,n_644,HAS_DIRECTOR
n_643,n_645,HAS_BANK_ACCOUNT
n_643,n_646,USES_IP
n_647,n_648,HAS_DIRECTOR
n_647,n_649,HAS_DIRECTOR
n_647,n_650,HAS_BANK_ACCOUNT
n_647,n_3,USES_IP
n_651,n_652,HAS_DIRECTOR
n_651,n_653,HAS_DIRECTOR
n_651,n_654,HAS_BANK_ACCOUNT
n_651,n_655,USES_IP
n_656,n_657,HAS_DIRECTOR
n_656,n_658,HAS_BANK_ACCOUNT
n_656,n_659,USES_IP
n_660,n_661,HAS_DIRECTOR
n_660,n_662,HAS_DIRECTOR
n_660,n_663,HAS_BANK_ACCOUNT
n_660,n_664,USES_IP
n_665,n_666,HAS_DIRECTOR
n_665,n_667,HAS_BANK_ACCOUNT
n_665,n_668,USES_IP
n_669,n_670,HAS_DIRECTOR
n_669,n_671,HAS_DIRECTOR
n_669,n_672,HAS_BANK_ACCOUNT
n_669,n_3,USES_IP
n_673,n_674,HAS_DIRECTOR
n_673,n_675,HAS_BANK_ACCOUNT
n_673,n_676,USES_IP
n_677,n_678,HAS_DIRECTOR
n_677,n_679,HAS_DIRECTOR
n_677,n_680,HAS_BANK_ACCOUNT
n_677,n_681,USES_IP
n_682,n_683,HAS_DIRECTOR
n_682,n_684,HAS_DIRECTOR
n_682,n_685,HAS_BANK_ACCOUNT
n_682,n_686,USES_IP
n_687,n_6,HAS_DIRECTOR
n_687,n_688,HAS_BANK_ACCOUNT
n_687,n_689,USES_IP
n_690,n_11,HAS_DIRECTOR
n_690,n_691,HAS_BANK_ACCOUNT
n_690,n_692,USES_IP
n_693,n_6,HAS_DIRECTOR
n_693,n_694,HAS_BANK_ACCOUNT
n_693,n_695,USES_IP
n_696,n_697,HAS_DIRECTOR
n_696,n_698,HAS_BANK_ACCOUNT
n_696,n_699,USES_IP
n_700,n_701,HAS_DIRECTOR
n_700,n_702,HAS_BANK_ACCOUNT
n_700,n_1,USES_IP
n_703,n_704,HAS_DIRECTOR
n_703,n_705,HAS_BANK_ACCOUNT
n_703,n_706,USES_IP
n_707,n_708,HAS_DIRECTOR
n_707,n_709,HAS_DIRECTOR
n_707,n_710,HAS_BANK_ACCOUNT
n_707,n_5,USES_IP
n_711,n_712,HAS_DIRECTOR
n_711,n_713,HAS_BANK_ACCOUNT
n_711,n_714,USES_IP
n_715,n_716,HAS_DIRECTOR
n_715,n_717,HAS_DIRECTOR
n_715,n_718,HAS_BANK_ACCOUNT
n_715,n_1,USES_IP
n_719,n_720,HAS_DIRECTOR
n_719,n_721,HAS_DIRECTOR
n_719,n_722,HAS_BANK_ACCOUNT
n_719,n_723,USES_IP
n_724,n_725,HAS_DIRECTOR
n_724,n_726,HAS_BANK_ACCOUNT
n_724,n_727,USES_IP
n_728,n_729,HAS_DIRECTOR
n_728,n_730,HAS_BANK_ACCOUNT
n_728,n_3,USES_IP
n_731,n_732,HAS_DIRECTOR
n_731,n_733,HAS_BANK_ACCOUNT
n_731,n_734,USES_IP
n_735,n_736,HAS_DIRECTOR
n_735,n_737,HAS_BANK_ACCOUNT
n_735,n_738,USES_IP
n_739,n_740,HAS_DIRECTOR
n_739,n_741,HAS_DIRECTOR
n_739,n_742,HAS_BANK_ACCOUNT
n_739,n_3,USES_IP
n_743,n_12,HAS_DIRECTOR
n_743,n_744,HAS_BANK_ACCOUNT
n_743,n_745,USES_IP
n_746,n_747,HAS_DIRECTOR
n_746,n_748,HAS_DIRECTOR
n_746,n_749,HAS_BANK_ACCOUNT
n_746,n_750,USES_IP
n_751,n_752,HAS_DIRECTOR
n_751,n_753,HAS_BANK_ACCOUNT
n_751,n_754,USES_IP
n_755,n_756,HAS_DIRECTOR
n_755,n_757,HAS_DIRECTOR
n_755,n_758,HAS_BANK_ACCOUNT
n_755,n_759,USES_IP
n_760,n_761,HAS_DIRECTOR
n_760,n_762,HAS_DIRECTOR
n_760,n_763,HAS_BANK_ACCOUNT
n_760,n_764,USES_IP
n_765,n_766,HAS_DIRECTOR
n_765,n_767,HAS_DIRECTOR
n_765,n_768,HAS_BANK_ACCOUNT
n_765,n_769,USES_IP
n_770,n_771,HAS_DIRECTOR
n_770,n_772,HAS_BANK_ACCOUNT
n_770,n_773,USES_IP
n_774,n_775,HAS_DIRECTOR
n_774,n_776,HAS_DIRECTOR
n_774,n_777,HAS_BANK_ACCOUNT
n_774,n_778,USES_IP
n_779,n_780,HAS_DIRECTOR
n_779,n_781,HAS_DIRECTOR
n_779,n_782,HAS_BANK_ACCOUNT
n_779,n_3,USES_IP
n_783,n_784,HAS_DIRECTOR
n_783,n_785,HAS_BANK_ACCOUNT
n_783,n_786,USES_IP
n_787,n_788,HAS_DIRECTOR
n_787,n_789,HAS_DIRECTOR
n_787,n_790,HAS_BANK_ACCOUNT
n_787,n_791,USES_IP
n_792,n_793,HAS_DIRECTOR
n_792,n_794,HAS_DIRECTOR
n_792,n_795,HAS_BANK_ACCOUNT
n_792,n_796,USES_IP
n_797,n_798,HAS_DIRECTOR
n_797,n_799,HAS_BANK_ACCOUNT
n_797,n_4,USES_IP
n_800,n_801,HAS_DIRECTOR
n_800,n_802,HAS_BANK_ACCOUNT
n_800,n_803,USES_IP
n_804,n_805,HAS_DIRECTOR
n_804,n_806,HAS_DIRECTOR
n_804,n_807,HAS_BANK_ACCOUNT
n_804,n_808,USES_IP
n_809,n_10,HAS_DIRECTOR
n_809,n_810,HAS_BANK_ACCOUNT
n_809,n_811,USES_IP
n_812,n_813,HAS_DIRECTOR
n_812,n_814,HAS_DIRECTOR
n_812,n_815,HAS_BANK_ACCOUNT
n_812,n_816,USES_IP
n_817,n_818,HAS_DIRECTOR
n_817,n_819,HAS_DIRECTOR
n_817,n_820,HAS_BANK_ACCOUNT
n_817,n_821,USES_IP
n_822,n_823,HAS_DIRECTOR
n_822,n_824,HAS_DIRECTOR
n_822,n_825,HAS_BANK_ACCOUNT
n_822,n_826,USES_IP
n_827,n_828,HAS_DIRECTOR
n_827,n_829,HAS_DIRECTOR
n_827,n_830,HAS_BANK_ACCOUNT
n_827,n_831,USES_IP
n_832,n_833,HAS_DIRECTOR
n_832,n_834,HAS_BANK_ACCOUNT
n_832,n_835,USES_IP
n_836,n_837,HAS_DIRECTOR
n_836,n_838,HAS_BANK_ACCOUNT
n_836,n_4,USES_IP
n_839,n_840,HAS_DIRECTOR
n_839,n_841,HAS_DIRECTOR
n_839,n_842,HAS_BANK_ACCOUNT
n_839,n_843,USES_IP
n_844,n_845,HAS_DIRECTOR
n_844,n_846,HAS_DIRECTOR
n_844,n_847,HAS_BANK_ACCOUNT
n_844,n_848,USES_IP
n_849,n_850,HAS_DIRECTOR
n_849,n_851,HAS_BANK_ACCOUNT
n_849,n_852,USES_IP
n_853,n_854,HAS_DIRECTOR
n_853,n_855,HAS_BANK_ACCOUNT
n_853,n_856,USES_IP
n_857,n_858,HAS_DIRECTOR
n_857,n_859,HAS_BANK_ACCOUNT
n_857,n_860,USES_IP
n_861,n_862,HAS_DIRECTOR
n_861,n_863,HAS_BANK_ACCOUNT
n_861,n_864,USES_IP
n_865,n_866,HAS_DIRECTOR
n_865,n_867,HAS_DIRECTOR
n_865,n_868,HAS_BANK_ACCOUNT
n_865,n_869,USES_IP
n_870,n_871,HAS_DIRECTOR
n_870,n_872,HAS_BANK_ACCOUNT
n_870,n_873,USES_IP
n_874,n_875,HAS_DIRECTOR
n_874,n_876,HAS_BANK_ACCOUNT
n_874,n_877,USES_IP
n_878,n_879,HAS_DIRECTOR
n_878,n_880,HAS_BANK_ACCOUNT
n_878,n_881,USES_IP
n_882,n_883,HAS_DIRECTOR
n_882,n_884,HAS_BANK_ACCOUNT
n_882,n_5,USES_IP
n_885,n_886,HAS_DIRECTOR
n_885,n_887,HAS_BANK_ACCOUNT
n_885,n_888,USES_IP
n_889,n_890,HAS_DIRECTOR
n_889,n_891,HAS_DIRECTOR
n_889,n_892,HAS_BANK_ACCOUNT
n_889,n_893,USES_IP
n_894,n_895,HAS_DIRECTOR
n_894,n_896,HAS_BANK_ACCOUNT
n_894,n_897,USES_IP
n_898,n_899,HAS_DIRECTOR
n_898,n_900,HAS_DIRECTOR
n_898,n_901,HAS_BANK_ACCOUNT
n_898,n_902,USES_IP
n_903,n_904,HAS_DIRECTOR
n_903,n_905,HAS_DIRECTOR
n_903,n_906,HAS_BANK_ACCOUNT
n_903,n_907,USES_IP
n_908,n_909,HAS_DIRECTOR
n_908,n_910,HAS_BANK_ACCOUNT
n_908,n_911,USES_IP
n_912,n_913,HAS_DIRECTOR
n_912,n_914,HAS_BANK_ACCOUNT
n_912,n_915,USES_IP
n_916,n_9,HAS_DIRECTOR
n_916,n_917,HAS_BANK_ACCOUNT
n_916,n_1,USES_IP
n_918,n_919,HAS_DIRECTOR
n_918,n_920,HAS_DIRECTOR
n_918,n_921,HAS_BANK_ACCOUNT
n_918,n_922,USES_IP
n_923,n_924,HAS_DIRECTOR
n_923,n_925,HAS_DIRECTOR
n_923,n_926,HAS_BANK_ACCOUNT
n_923,n_3,USES_IP
n_927,n_928,HAS_DIRECTOR
n_927,n_929,HAS_DIRECTOR
n_927,n_930,HAS_BANK_ACCOUNT
n_927,n_2,USES_IP
n_931,n_932,HAS_DIRECTOR
n_931,n_933,HAS_BANK_ACCOUNT
n_931,n_934,USES_IP
n_935,n_936,HAS_DIRECTOR
n_935,n_937,HAS_BANK_ACCOUNT
n_935,n_938,USES_IP
n_939,n_940,HAS_DIRECTOR
n_939,n_941,HAS_BANK_ACCOUNT
n_939,n_3,USES_IP
n_942,n_943,HAS_DIRECTOR
n_942,n_944,HAS_DIRECTOR
n_942,n_945,HAS_BANK_ACCOUNT
n_942,n_946,USES_IP
n_947,n_948,HAS_DIRECTOR
n_947,n_949,HAS_DIRECTOR
n_947,n_950,HAS_BANK_ACCOUNT
n_947,n_951,USES_IP
n_952,n_953,HAS_DIRECTOR
n_952,n_954,HAS_DIRECTOR
n_952,n_955,HAS_BANK_ACCOUNT
n_952,n_956,USES_IP
n_957,n_958,HAS_DIRECTOR
n_957,n_959,HAS_DIRECTOR
n_957,n_960,HAS_BANK_ACCOUNT
n_957,n_961,USES_IP
n_962,n_963,HAS_DIRECTOR
n_962,n_964,HAS_BANK_ACCOUNT
n_962,n_5,USES_IP
n_965,n_966,HAS_DIRECTOR
n_965,n_967,HAS_BANK_ACCOUNT
n_965,n_968,USES_IP
n_969,n_970,HAS_DIRECTOR
n_969,n_971,HAS_DIRECTOR
n_969,n_972,HAS_BANK_ACCOUNT
n_969,n_973,USES_IP
n_974,n_975,HAS_DIRECTOR
n_974,n_976,HAS_BANK_ACCOUNT
n_974,n_977,USES_IP
n_978,n_979,HAS_DIRECTOR
n_978,n_980,HAS_DIRECTOR
n_978,n_981,HAS_BANK_ACCOUNT
n_978,n_5,USES_IP
n_982,n_983,HAS_DIRECTOR
n_982,n_984,HAS_DIRECTOR
n_982,n_985,HAS_BANK_ACCOUNT
n_982,n_986,USES_IP
n_987,n_988,HAS_DIRECTOR
n_987,n_989,HAS_DIRECTOR
n_987,n_990,HAS_BANK_ACCOUNT
n_987,n_991,USES_IP
n_992,n_993,HAS_DIRECTOR
n_992,n_994,HAS_BANK_ACCOUNT
n_992,n_995,USES_IP
n_996,n_997,HAS_DIRECTOR
n_996,n_998,HAS_DIRECTOR
n_996,n_999,HAS_BANK_ACCOUNT
n_996,n_1000,USES_IP
n_1001,n_1002,HAS_DIRECTOR
n_1001,n_1003,HAS_BANK_ACCOUNT
n_1001,n_1004,USES_IP
n_1005,n_1006,HAS_DIRECTOR
n_1005,n_1007,HAS_DIRECTOR
n_1005,n_1008,HAS_BANK_ACCOUNT
n_1005,n_4,USES_IP
n_1009,n_1010,HAS_DIRECTOR
n_1009,n_1011,HAS_BANK_ACCOUNT
n_1009,n_1012,USES_IP
n_1013,n_1014,HAS_DIRECTOR
n_1013,n_1015,HAS_DIRECTOR
n_1013,n_1016,HAS_BANK_ACCOUNT
n_1013,n_5,USES_IP
n_1017,n_1018,HAS_DIRECTOR
n_1017,n_1019,HAS_DIRECTOR
n_1017,n_1020,HAS_BANK_ACCOUNT
n_1017,n_1021,USES_IP
n_1022,n_1023,HAS_DIRECTOR
n_1022,n_1024,HAS_BANK_ACCOUNT
n_1022,n_1025,USES_IP
n_1026,n_1027,HAS_DIRECTOR
n_1026,n_1028,HAS_DIRECTOR
n_1026,n_1029,HAS_BANK_ACCOUNT
n_1026,n_1030,USES_IP
n_1031,n_1032,HAS_DIRECTOR
n_1031,n_1033,HAS_BANK_ACCOUNT
n_1031,n_5,USES_IP
n_1034,n_1035,HAS_DIRECTOR
n_1034,n_1036,HAS_BANK_ACCOUNT
n_1034,n_1037,USES_IP
n_1038,n_12,HAS_DIRECTOR
n_1038,n_1039,HAS_BANK_ACCOUNT
n_1038,n_1,USES_IP
n_1040,n_1041,HAS_DIRECTOR
n_1040,n_1042,HAS_BANK_ACCOUNT
n_1040,n_1043,USES_IP
n_1044,n_1045,HAS_DIRECTOR
n_1044,n_1046,HAS_DIRECTOR
n_1044,n_1047,HAS_BANK_ACCOUNT
n_1044,n_1048,USES_IP
n_1049,n_1050,HAS_DIRECTOR
n_1049,n_1051,HAS_DIRECTOR
n_1049,n_1052,HAS_BANK_ACCOUNT
n_1049,n_1053,USES_IP
n_1054,n_1055,HAS_DIRECTOR
n_1054,n_1056,HAS_BANK_ACCOUNT
n_1054,n_1057,USES_IP
n_1058,n_1059,HAS_DIRECTOR
n_1058,n_1060,HAS_BANK_ACCOUNT
n_1058,n_1061,USES_IP
n_1062,n_1063,HAS_DIRECTOR
n_1062,n_1064,HAS_DIRECTOR
n_1062,n_1065,HAS_BANK_ACCOUNT
n_1062,n_1066,USES_IP
n_1067,n_1068,HAS_DIRECTOR
n_1067,n_1069,HAS_DIRECTOR
n_1067,n_1070,HAS_BANK_ACCOUNT
n_1067,n_1071,USES_IP
n_1072,n_1073,HAS_DIRECTOR
n_1072,n_1074,HAS_DIRECTOR
n_1072,n_1075,HAS_BANK_ACCOUNT
n_1072,n_1076,USES_IP
n_1077,n_1078,HAS_DIRECTOR
n_1077,n_1079,HAS_DIRECTOR
n_1077,n_1080,HAS_BANK_ACCOUNT
n_1077,n_1081,USES_IP
n_1082,n_1083,HAS_DIRECTOR
n_1082,n_1084,HAS_DIRECTOR
n_1082,n_1085,HAS_BANK_ACCOUNT
n_1082,n_1086,USES_IP
n_1087,n_1088,HAS_DIRECTOR
n_1087,n_1089,HAS_DIRECTOR
n_1087,n_1090,HAS_BANK_ACCOUNT
n_1087,n_1091,USES_IP
n_1092,n_1093,HAS_DIRECTOR
n_1092,n_1094,HAS_BANK_ACCOUNT
n_1092,n_1095,USES_IP
n_1096,n_1097,HAS_DIRECTOR
n_1096,n_1098,HAS_DIRECTOR
n_1096,n_1099,HAS_BANK_ACCOUNT
n_1096,n_1100,USES_IP
n_1101,n_1102,HAS_DIRECTOR
n_1101,n_1103,HAS_BANK_ACCOUNT
n_1101,n_1104,USES_IP
n_1105,n_1106,HAS_DIRECTOR
n_1105,n_1107,HAS_DIRECTOR
n_1105,n_1108,HAS_BANK_ACCOUNT
n_1105,n_1109,USES_IP
n_1110,n_1111,HAS_DIRECTOR
n_1110,n_1112,HAS_BANK_ACCOUNT
n_1110,n_1113,USES_IP
n_1114,n_14,HAS_DIRECTOR
n_1114,n_1115,HAS_BANK_ACCOUNT
n_1114,n_1116,USES_IP
n_1117,n_1118,HAS_DIRECTOR
n_1117,n_1119,HAS_BANK_ACCOUNT
n_1117,n_1120,USES_IP
n_1121,n_1122,HAS_DIRECTOR
n_1121,n_1123,HAS_DIRECTOR
n_1121,n_1124,HAS_BANK_ACCOUNT
n_1121,n_2,USES_IP
n_1125,n_1126,HAS_DIRECTOR
n_1125,n_1127,HAS_BANK_ACCOUNT
n_1125,n_3,USES_IP
n_1128,n_1129,HAS_DIRECTOR
n_1128,n_1130,HAS_DIRECTOR
n_1128,n_1131,HAS_BANK_ACCOUNT
n_1128,n_1132,USES_IP
n_1133,n_1134,HAS_DIRECTOR
n_1133,n_1135,HAS_DIRECTOR
n_1133,n_1136,HAS_BANK_ACCOUNT
n_1133,n_1137,USES_IP
n_1138,n_1139,HAS_DIRECTOR
n_1138,n_1140,HAS_DIRECTOR
n_1138,n_1141,HAS_BANK_ACCOUNT
n_1138,n_1142,USES_IP
n_1143,n_7,HAS_DIRECTOR
n_1143,n_1144,HAS_BANK_ACCOUNT
n_1143,n_1145,USES_IP
n_1146,n_1147,HAS_DIRECTOR
n_1146,n_1148,HAS_DIRECTOR
n_1146,n_1149,HAS_BANK_ACCOUNT
n_1146,n_1150,USES_IP
n_1151,n_1152,HAS_DIRECTOR
n_1151,n_1153,HAS_DIRECTOR
n_1151,n_1154,HAS_BANK_ACCOUNT
n_1151,n_1155,USES_IP
n_1156,n_1157,HAS_DIRECTOR
n_1156,n_1158,HAS_BANK_ACCOUNT
n_1156,n_1159,USES_IP
n_1160,n_1161,HAS_DIRECTOR
n_1160,n_1162,HAS_BANK_ACCOUNT
n_1160,n_1,USES_IP
n_1163,n_1164,HAS_DIRECTOR
n_1163,n_1165,HAS_DIRECTOR
n_1163,n_1166,HAS_BANK_ACCOUNT
n_1163,n_1167,USES_IP
n_1168,n_1169,HAS_DIRECTOR
n_1168,n_1170,HAS_DIRECTOR
n_1168,n_1171,HAS_BANK_ACCOUNT
n_1168,n_1172,USES_IP
n_1173,n_1174,HAS_DIRECTOR
n_1173,n_1175,HAS_BANK_ACCOUNT
n_1173,n_5,USES_IP
n_1176,n_1177,HAS_DIRECTOR
n_1176,n_1178,HAS_BANK_ACCOUNT
n_1176,n_1179,USES_IP
n_1180,n_1181,HAS_DIRECTOR
n_1180,n_1182,HAS_BANK_ACCOUNT
n_1180,n_1183,USES_IP
n_1184,n_1185,HAS_DIRECTOR
n_1184,n_1186,HAS_DIRECTOR
n_1184,n_1187,HAS_BANK_ACCOUNT
n_1184,n_1188,USES_IP
n_1189,n_1190,HAS_DIRECTOR
n_1189,n_1191,HAS_DIRECTOR
n_1189,n_1192,HAS_BANK_ACCOUNT
n_1189,n_1193,USES_IP
n_1194,n_1195,HAS_DIRECTOR
n_1194,n_1196,HAS_BANK_ACCOUNT
n_1194,n_3,USES_IP
n_1197,n_1198,HAS_DIRECTOR
n_1197,n_1199,HAS_DIRECTOR
n_1197,n_1200,HAS_BANK_ACCOUNT
n_1197,n_1201,USES_IP
n_1202,n_1203,HAS_DIRECTOR
n_1202,n_1204,HAS_DIRECTOR
n_1202,n_1205,HAS_BANK_ACCOUNT
n_1202,n_1206,USES_IP
n_1207,n_1208,HAS_DIRECTOR
n_1207,n_1209,HAS_DIRECTOR
n_1207,n_1210,HAS_BANK_ACCOUNT
n_1207,n_1211,USES_IP
n_1212,n_1213,HAS_DIRECTOR
n_1212,n_1214,HAS_DIRECTOR
n_1212,n_1215,HAS_BANK_ACCOUNT
n_1212,n_1216,USES_IP
n_1217,n_1218,HAS_DIRECTOR
n_1217,n_1219,HAS_DIRECTOR
n_1217,n_1220,HAS_BANK_ACCOUNT
n_1217,n_4,USES_IP
n_1221,n_1222,HAS_DIRECTOR
n_1221,n_1223,HAS_BANK_ACCOUNT
n_1221,n_1224,USES_IP
n_1225,n_1226,HAS_DIRECTOR
n_1225,n_1227,HAS_DIRECTOR
n_1225,n_1228,HAS_BANK_ACCOUNT
n_1225,n_1229,USES_IP
n_1230,n_1231,HAS_DIRECTOR
n_1230,n_1232,HAS_DIRECTOR
n_1230,n_1233,HAS_BANK_ACCOUNT
n_1230,n_1234,USES_IP
n_1235,n_1236,HAS_DIRECTOR
n_1235,n_1237,HAS_DIRECTOR
n_1235,n_1238,HAS_BANK_ACCOUNT
n_1235,n_1239,USES_IP
n_1240,n_1241,HAS_DIRECTOR
n_1240,n_1242,HAS_BANK_ACCOUNT
n_1240,n_1243,USES_IP
n_1244,n_1245,HAS_DIRECTOR
n_1244,n_1246,HAS_BANK_ACCOUNT
n_1244,n_1247,USES_IP
n_1248,n_1249,HAS_DIRECTOR
n_1248,n_1250,HAS_DIRECTOR
n_1248,n_1251,HAS_BANK_ACCOUNT
n_1248,n_1252,USES_IP
n_1253,n_10,HAS_DIRECTOR
n_1253,n_1254,HAS_BANK_ACCOUNT
n_1253,n_1255,USES_IP
n_1256,n_1257,HAS_DIRECTOR
n_1256,n_1258,HAS_BANK_ACCOUNT
n_1256,n_5,USES_IP
n_1259,n_1260,HAS_DIRECTOR
n_1259,n_1261,HAS_DIRECTOR
n_1259,n_1262,HAS_BANK_ACCOUNT
n_1259,n_1263,USES_IP
n_1264,n_1265,HAS_DIRECTOR
n_1264,n_1266,HAS_BANK_ACCOUNT
n_1264,n_1267,USES_IP
n_1268,n_1269,HAS_DIRECTOR
n_1268,n_1270,HAS_DIRECTOR
n_1268,n_1271,HAS_BANK_ACCOUNT
n_1268,n_1272,USES_IP
n_1273,n_1274,HAS_DIRECTOR
n_1273,n_1275,HAS_DIRECTOR
n_1273,n_1276,HAS_BANK_ACCOUNT
n_1273,n_1277,USES_IP
n_1278,n_1279,HAS_DIRECTOR
n_1278,n_1280,HAS_BANK_ACCOUNT
n_1278,n_2,USES_IP
n_1281,n_1282,HAS_DIRECTOR
n_1281,n_1283,HAS_DIRECTOR
n_1281,n_1284,HAS_BANK_ACCOUNT
n_1281,n_1285,USES_IP
n_1286,n_1287,HAS_DIRECTOR
n_1286,n_1288,HAS_DIRECTOR
n_1286,n_1289,HAS_BANK_ACCOUNT
n_1286,n_4,USES_IP
n_1290,n_14,HAS_DIRECTOR
n_1290,n_1291,HAS_BANK_ACCOUNT
n_1290,n_3,USES_IP
n_1292,n_1293,HAS_DIRECTOR
n_1292,n_1294,HAS_DIRECTOR
n_1292,n_1295,HAS_BANK_ACCOUNT
n_1292,n_1296,USES_IP
n_1297,n_1298,HAS_DIRECTOR
n_1297,n_1299,HAS_DIRECTOR
n_1297,n_1300,HAS_BANK_ACCOUNT
n_1297,n_2,USES_IP
n_1301,n_1302,HAS_DIRECTOR
n_1301,n_1303,HAS_DIRECTOR
n_1301,n_1304,HAS_BANK_ACCOUNT
n_1301,n_1305,USES_IP
n_1306,n_1307,HAS_DIRECTOR
n_1306,n_1308,HAS_BANK_ACCOUNT
n_1306,n_1309,USES_IP
n_1310,n_1311,HAS_DIRECTOR
n_1310,n_1312,HAS_DIRECTOR
n_1310,n_1313,HAS_BANK_ACCOUNT
n_1310,n_1314,USES_IP
n_1315,n_1316,HAS_DIRECTOR
n_1315,n_1317,HAS_BANK_ACCOUNT
n_1315,n_1318,USES_IP
n_1319,n_1320,HAS_DIRECTOR
n_1319,n_1321,HAS_DIRECTOR
n_1319,n_1322,HAS_BANK_ACCOUNT
n_1319,n_2,USES_IP
n_1323,n_1324,HAS_DIRECTOR
n_1323,n_1325,HAS_BANK_ACCOUNT
n_1323,n_1326,USES_IP
n_1327,n_1328,HAS_DIRECTOR
n_1327,n_1329,HAS_DIRECTOR
n_1327,n_1330,HAS_BANK_ACCOUNT
n_1327,n_1331,USES_IP
n_1332,n_1333,HAS_DIRECTOR
n_1332,n_1334,HAS_DIRECTOR
n_1332,n_1335,HAS_BANK_ACCOUNT
n_1332,n_1336,USES_IP
n_1337,n_1338,HAS_DIRECTOR
n_1337,n_1339,HAS_DIRECTOR
n_1337,n_1340,HAS_BANK_ACCOUNT
n_1337,n_1341,USES_IP
n_1342,n_1343,HAS_DIRECTOR
n_1342,n_1344,HAS_DIRECTOR
n_1342,n_1345,HAS_BANK_ACCOUNT
n_1342,n_1346,USES_IP
n_1347,n_1348,HAS_DIRECTOR
n_1347,n_1349,HAS_BANK_ACCOUNT
n_1347,n_1350,USES_IP
n_1351,n_11,HAS_DIRECTOR
n_1351,n_1352,HAS_BANK_ACCOUNT
n_1351,n_1353,USES_IP
n_1354,n_1355,HAS_DIRECTOR
n_1354,n_1356,HAS_DIRECTOR
n_1354,n_1357,HAS_BANK_ACCOUNT
n_1354,n_3,USES_IP
n_1358,n_1359,HAS_DIRECTOR
n_1358,n_1360,HAS_BANK_ACCOUNT
n_1358,n_1361,USES_IP
n_1362,n_1363,HAS_DIRECTOR
n_1362,n_1364,HAS_BANK_ACCOUNT
n_1362,n_1365,USES_IP
n_1366,n_1367,HAS_DIRECTOR
n_1366,n_1368,HAS_BANK_ACCOUNT
n_1366,n_3,USES_IP
n_1369,n_1370,HAS_DIRECTOR
n_1369,n_1371,HAS_BANK_ACCOUNT
n_1369,n_1372,USES_IP
n_1373,n_1374,HAS_DIRECTOR
n_1373,n_1375,HAS_BANK_ACCOUNT
n_1373,n_1376,USES_IP
n_1377,n_1378,HAS_DIRECTOR
n_1377,n_1379,HAS_BANK_ACCOUNT
n_1377,n_1380,USES_IP
n_1381,n_1382,HAS_DIRECTOR
n_1381,n_1383,HAS_BANK_ACCOUNT
n_1381,n_1384,USES_IP
n_1385,n_1386,HAS_DIRECTOR
n_1385,n_1387,HAS_BANK_ACCOUNT
n_1385,n_1388,USES_IP
n_1389,n_1390,HAS_DIRECTOR
n_1389,n_1391,HAS_BANK_ACCOUNT
n_1389,n_1392,USES_IP
n_1393,n_6,HAS_DIRECTOR
n_1393,n_1394,HAS_BANK_ACCOUNT
n_1393,n_1395,USES_IP
n_1396,n_1397,HAS_DIRECTOR
n_1396,n_1398,HAS_DIRECTOR
n_1396,n_1399,HAS_BANK_ACCOUNT
n_1396,n_3,USES_IP
n_1400,n_12,HAS_DIRECTOR
n_1400,n_1401,HAS_BANK_ACCOUNT
n_1400,n_1402,USES_IP
n_1403,n_1404,HAS_DIRECTOR
n_1403,n_1405,HAS_DIRECTOR
n_1403,n_1406,HAS_BANK_ACCOUNT
n_1403,n_1407,USES_IP
n_1408,n_1409,HAS_DIRECTOR
n_1408,n_1410,HAS_BANK_ACCOUNT
n_1408,n_1411,USES_IP
n_1412,n_1413,HAS_DIRECTOR
n_1412,n_1414,HAS_BANK_ACCOUNT
n_1412,n_1415,USES_IP
n_1416,n_1417,HAS_DIRECTOR
n_1416,n_1418,HAS_DIRECTOR
n_1416,n_1419,HAS_BANK_ACCOUNT
n_1416,n_1420,USES_IP
n_1421,n_1422,HAS_DIRECTOR
n_1421,n_1423,HAS_BANK_ACCOUNT
n_1421,n_1424,USES_IP
n_1425,n_1426,HAS_DIRECTOR
n_1425,n_1427,HAS_DIRECTOR
n_1425,n_1428,HAS_BANK_ACCOUNT
n_1425,n_1429,USES_IP
n_1430,n_1431,HAS_DIRECTOR
n_1430,n_1432,HAS_DIRECTOR
n_1430,n_1433,HAS_BANK_ACCOUNT
n_1430,n_1,USES_IP
n_1434,n_1435,HAS_DIRECTOR
n_1434,n_1436,HAS_BANK_ACCOUNT
n_1434,n_3,USES_IP
n_1437,n_1438,HAS_DIRECTOR
n_1437,n_1439,HAS_DIRECTOR
n_1437,n_1440,HAS_BANK_ACCOUNT
n_1437,n_1441,USES_IP
n_1442,n_1443,HAS_DIRECTOR
n_1442,n_1444,HAS_DIRECTOR
n_1442,n_1445,HAS_BANK_ACCOUNT
n_1442,n_1446,USES_IP
n_1447,n_1448,HAS_DIRECTOR
n_1447,n_1449,HAS_BANK_ACCOUNT
n_1447,n_1450,USES_IP
n_1451,n_1452,HAS_DIRECTOR
n_1451,n_1453,HAS_BANK_ACCOUNT
n_1451,n_1454,USES_IP
n_1455,n_1456,HAS_DIRECTOR
n_1455,n_1457,HAS_DIRECTOR
n_1455,n_1458,HAS_BANK_ACCOUNT
n_1455,n_1459,USES_IP
n_1460,n_1461,HAS_DIRECTOR
n_1460,n_1462,HAS_DIRECTOR
n_1460,n_1463,HAS_BANK_ACCOUNT
n_1460,n_1464,USES_IP
n_1465,n_1466,HAS_DIRECTOR
n_1465,n_1467,HAS_DIRECTOR
n_1465,n_1468,HAS_BANK_ACCOUNT
n_1465,n_1469,USES_IP
n_1470,n_1471,HAS_DIRECTOR
n_1470,n_1472,HAS_BANK_ACCOUNT
n_1470,n_1473,USES_IP
n_1474,n_1475,HAS_DIRECTOR
n_1474,n_1476,HAS_BANK_ACCOUNT
n_1474,n_1477,USES_IP
n_1478,n_7,HAS_DIRECTOR
n_1478,n_1479,HAS_BANK_ACCOUNT
n_1478,n_1480,USES_IP
n_1481,n_1482,HAS_DIRECTOR
n_1481,n_1483,HAS_BANK_ACCOUNT
n_1481,n_1484,USES_IP
n_1485,n_1486,HAS_DIRECTOR
n_1485,n_1487,HAS_DIRECTOR
n_1485,n_1488,HAS_BANK_ACCOUNT
n_1485,n_1489,USES_IP
n_1490,n_1491,HAS_DIRECTOR
n_1490,n_1492,HAS_DIRECTOR
n_1490,n_1493,HAS_BANK_ACCOUNT
n_1490,n_1494,USES_IP
n_1495,n_1496,HAS_DIRECTOR
n_1495,n_1497,HAS_DIRECTOR
n_1495,n_1498,HAS_BANK_ACCOUNT
n_1495,n_1499,USES_IP
n_1500,n_1501,HAS_DIRECTOR
n_1500,n_1502,HAS_BANK_ACCOUNT
n_1500,n_4,USES_IP
n_1503,n_1504,HAS_DIRECTOR
n_1503,n_1505,HAS_BANK_ACCOUNT
n_1503,n_1506,USES_IP
n_1507,n_1508,HAS_DIRECTOR
n_1507,n_1509,HAS_BANK_ACCOUNT
n_1507,n_1510,USES_IP
n_1511,n_1512,HAS_DIRECTOR
n_1511,n_1513,HAS_DIRECTOR
n_1511,n_1514,HAS_BANK_ACCOUNT
n_1511,n_1515,USES_IP
n_1516,n_1517,HAS_DIRECTOR
n_1516,n_1518,HAS_BANK_ACCOUNT
n_1516,n_1519,USES_IP
n_1520,n_1521,HAS_DIRECTOR
n_1520,n_1522,HAS_DIRECTOR
n_1520,n_1523,HAS_BANK_ACCOUNT
n_1520,n_3,USES_IP
n_1524,n_1525,HAS_DIRECTOR
n_1524,n_1526,HAS_DIRECTOR
n_1524,n_1527,HAS_BANK_ACCOUNT
n_1524,n_1528,USES_IP
n_1529,n_1530,HAS_DIRECTOR
n_1529,n_1531,HAS_BANK_ACCOUNT
n_1529,n_1532,USES_IP
n_1533,n_1534,HAS_DIRECTOR
n_1533,n_1535,HAS_DIRECTOR
n_1533,n_1536,HAS_BANK_ACCOUNT
n_1533,n_1,USES_IP
n_1537,n_14,HAS_DIRECTOR
n_1537,n_1538,HAS_BANK_ACCOUNT
n_1537,n_1539,USES_IP
n_1540,n_1541,HAS_DIRECTOR
n_1540,n_1542,HAS_DIRECTOR
n_1540,n_1543,HAS_BANK_ACCOUNT
n_1540,n_3,USES_IP
n_1544,n_1545,HAS_DIRECTOR
n_1544,n_1546,HAS_BANK_ACCOUNT
n_1544,n_1547,USES_IP
n_1548,n_1549,HAS_DIRECTOR
n_1548,n_1550,HAS_BANK_ACCOUNT
n_1548,n_1551,USES_IP
n_1552,n_1553,HAS_DIRECTOR
n_1552,n_1554,HAS_DIRECTOR
n_1552,n_1555,HAS_BANK_ACCOUNT
n_1552,n_1556,USES_IP
n_1557,n_1558,HAS_DIRECTOR
n_1557,n_1559,HAS_DIRECTOR
n_1557,n_1560,HAS_BANK_ACCOUNT
n_1557,n_1561,USES_IP
n_1562,n_1563,HAS_DIRECTOR
n_1562,n_1564,HAS_DIRECTOR
n_1562,n_1565,HAS_BANK_ACCOUNT
n_1562,n_1566,USES_IP
n_1567,n_1568,HAS_DIRECTOR
n_1567,n_1569,HAS_DIRECTOR
n_1567,n_1570,HAS_BANK_ACCOUNT
n_1567,n_1571,USES_IP
n_1572,n_1573,HAS_DIRECTOR
n_1572,n_1574,HAS_BANK_ACCOUNT
n_1572,n_1575,USES_IP
n_1576,n_1577,HAS_DIRECTOR
n_1576,n_1578,HAS_BANK_ACCOUNT
n_1576,n_1579,USES_IP
n_1580,n_1581,HAS_DIRECTOR
n_1580,n_1582,HAS_BANK_ACCOUNT
n_1580,n_1583,USES_IP
n_1584,n_1585,HAS_DIRECTOR
n_1584,n_1586,HAS_BANK_ACCOUNT
n_1584,n_4,USES_IP
n_1587,n_1588,HAS_DIRECTOR
n_1587,n_1589,HAS_DIRECTOR
n_1587,n_1590,HAS_BANK_ACCOUNT
n_1587,n_1591,USES_IP
n_1592,n_1593,HAS_DIRECTOR
n_1592,n_1594,HAS_DIRECTOR
n_1592,n_1595,HAS_BANK_ACCOUNT
n_1592,n_1,USES_IP
n_1596,n_1597,HAS_DIRECTOR
n_1596,n_1598,HAS_DIRECTOR
n_1596,n_1599,HAS_BANK_ACCOUNT
n_1596,n_1600,USES_IP
n_1601,n_1602,HAS_DIRECTOR
n_1601,n_1603,HAS_DIRECTOR
n_1601,n_1604,HAS_BANK_ACCOUNT
n_1601,n_1605,USES_IP
n_1606,n_1607,HAS_DIRECTOR
n_1606,n_1608,HAS_DIRECTOR
n_1606,n_1609,HAS_BANK_ACCOUNT
n_1606,n_1610,USES_IP
n_1611,n_1612,HAS_DIRECTOR
n_1611,n_1613,HAS_DIRECTOR
n_1611,n_1614,HAS_BANK_ACCOUNT
n_1611,n_5,USES_IP
n_1615,n_1616,HAS_DIRECTOR
n_1615,n_1617,HAS_DIRECTOR
n_1615,n_1618,HAS_BANK_ACCOUNT
n_1615,n_1,USES_IP
n_1619,n_1620,HAS_DIRECTOR
n_1619,n_1621,HAS_DIRECTOR
n_1619,n_1622,HAS_BANK_ACCOUNT
n_1619,n_1623,USES_IP
n_1624,n_1625,HAS_DIRECTOR
n_1624,n_1626,HAS_DIRECTOR
n_1624,n_1627,HAS_BANK_ACCOUNT
n_1624,n_1628,USES_IP
n_1629,n_1630,HAS_DIRECTOR
n_1629,n_1631,HAS_BANK_ACCOUNT
n_1629,n_1,USES_IP
n_1632,n_1633,HAS_DIRECTOR
n_1632,n_1634,HAS_BANK_ACCOUNT
n_1632,n_1635,USES_IP
n_1636,n_1637,HAS_DIRECTOR
n_1636,n_1638,HAS_BANK_ACCOUNT
n_1636,n_1639,USES_IP
n_1640,n_1641,HAS_DIRECTOR
n_1640,n_1642,HAS_BANK_ACCOUNT
n_1640,n_2,USES_IP
n_1643,n_1644,HAS_DIRECTOR
n_1643,n_1645,HAS_BANK_ACCOUNT
n_1643,n_4,USES_IP
n_1646,n_1647,HAS_DIRECTOR
n_1646,n_1648,HAS_DIRECTOR
n_1646,n_1649,HAS_BANK_ACCOUNT
n_1646,n_1650,USES_IP
n_1651,n_1652,HAS_DIRECTOR
n_1651,n_1653,HAS_DIRECTOR
n_1651,n_1654,HAS_BANK_ACCOUNT
n_1651,n_1655,USES_IP
n_1656,n_1657,HAS_DIRECTOR
n_1656,n_1658,HAS_BANK_ACCOUNT
n_1656,n_1659,USES_IP
n_1660,n_1661,HAS_DIRECTOR
n_1660,n_1662,HAS_DIRECTOR
n_1660,n_1663,HAS_BANK_ACCOUNT
n_1660,n_1664,USES_IP
n_1665,n_1666,HAS_DIRECTOR
n_1665,n_1667,HAS_DIRECTOR
n_1665,n_1668,HAS_BANK_ACCOUNT
n_1665,n_1669,USES_IP
n_1670,n_1671,HAS_DIRECTOR
n_1670,n_1672,HAS_DIRECTOR
n_1670,n_1673,HAS_BANK_ACCOUNT
n_1670,n_3,USES_IP
n_1674,n_1675,HAS_DIRECTOR
n_1674,n_1676,HAS_BANK_ACCOUNT
n_1674,n_1677,USES_IP
n_1678,n_1679,HAS_DIRECTOR
n_1678,n_1680,HAS_BANK_ACCOUNT
n_1678,n_1681,USES_IP
n_1682,n_1683,HAS_DIRECTOR
n_1682,n_1684,HAS_DIRECTOR
n_1682,n_1685,HAS_BANK_ACCOUNT
n_1682,n_1686,USES_IP
n_1687,n_1688,HAS_DIRECTOR
n_1687,n_1689,HAS_BANK_ACCOUNT
n_1687,n_1690,USES_IP
n_1691,n_1692,HAS_DIRECTOR
n_1691,n_1693,HAS_BANK_ACCOUNT
n_1691,n_1694,USES_IP
n_1695,n_1696,HAS_DIRECTOR
n_1695,n_1697,HAS_BANK_ACCOUNT
n_1695,n_1698,USES_IP
n_1699,n_1700,HAS_DIRECTOR
n_1699,n_1701,HAS_DIRECTOR
n_1699,n_1702,HAS_BANK_ACCOUNT
n_1699,n_1703,USES_IP
n_1704,n_8,HAS_DIRECTOR
n_1704,n_1705,HAS_BANK_ACCOUNT
n_1704,n_4,USES_IP
n_1706,n_1707,HAS_DIRECTOR
n_1706,n_1708,HAS_BANK_ACCOUNT
n_1706,n_1709,USES_IP
n_1710,n_1711,HAS_DIRECTOR
n_1710,n_1712,HAS_DIRECTOR
n_1710,n_1713,HAS_BANK_ACCOUNT
n_1710,n_1714,USES_IP
n_1715,n_1716,HAS_DIRECTOR
n_1715,n_1717,HAS_BANK_ACCOUNT
n_1715,n_1718,USES_IP
n_1719,n_1720,HAS_DIRECTOR
n_1719,n_1721,HAS_BANK_ACCOUNT
n_1719,n_1722,USES_IP
n_1723,n_1724,HAS_DIRECTOR
n_1723,n_1725,HAS_DIRECTOR
n_1723,n_1726,HAS_BANK_ACCOUNT
n_1723,n_1727,USES_IP
n_1728,n_1729,HAS_DIRECTOR
n_1728,n_1730,HAS_BANK_ACCOUNT
n_1728,n_1731,USES_IP
n_1732,n_1733,HAS_DIRECTOR
n_1732,n_1734,HAS_BANK_ACCOUNT
n_1732,n_1735,USES_IP
n_1736,n_1737,HAS_DIRECTOR
n_1736,n_1738,HAS_DIRECTOR
n_1736,n_1739,HAS_BANK_ACCOUNT
n_1736,n_1,USES_IP
n_1740,n_1741,HAS_DIRECTOR
n_1740,n_1742,HAS_DIRECTOR
n_1740,n_1743,HAS_BANK_ACCOUNT
n_1740,n_1744,USES_IP
n_1745,n_1746,HAS_DIRECTOR
n_1745,n_1747,HAS_BANK_ACCOUNT
n_1745,n_1748,USES_IP
n_1749,n_1750,HAS_DIRECTOR
n_1749,n_1751,HAS_BANK_ACCOUNT
n_1749,n_1752,USES_IP
n_1753,n_1754,HAS_DIRECTOR
n_1753,n_1755,HAS_DIRECTOR
n_1753,n_1756,HAS_BANK_ACCOUNT
n_1753,n_3,USES_IP
n_1757,n_1758,HAS_DIRECTOR
n_1757,n_1759,HAS_BANK_ACCOUNT
n_1757,n_1760,USES_IP
n_1761,n_1762,HAS_DIRECTOR
n_1761,n_1763,HAS_BANK_ACCOUNT
n_1761,n_1764,USES_IP
n_1765,n_1766,HAS_DIRECTOR
n_1765,n_1767,HAS_BANK_ACCOUNT
n_1765,n_1768,USES_IP
n_1769,n_1770,HAS_DIRECTOR
n_1769,n_1771,HAS_BANK_ACCOUNT
n_1769,n_1772,USES_IP
n_1773,n_1774,HAS_DIRECTOR
n_1773,n_1775,HAS_BANK_ACCOUNT
n_1773,n_1776,USES_IP
n_1777,n_1778,HAS_DIRECTOR
n_1777,n_1779,HAS_BANK_ACCOUNT
n_1777,n_1780,USES_IP
n_1781,n_1782,HAS_DIRECTOR
n_1781,n_1783,HAS_BANK_ACCOUNT
n_1781,n_1784,USES_IP
n_1785,n_11,HAS_DIRECTOR
n_1785,n_1786,HAS_BANK_ACCOUNT
n_1785,n_1787,USES_IP
n_1788,n_1789,HAS_DIRECTOR
n_1788,n_1790,HAS_DIRECTOR
n_1788,n_1791,HAS_BANK_ACCOUNT
n_1788,n_1792,USES_IP
n_1793,n_1794,HAS_DIRECTOR
n_1793,n_1795,HAS_DIRECTOR
n_1793,n_1796,HAS_BANK_ACCOUNT
n_1793,n_1797,USES_IP
n_1798,n_1799,HAS_DIRECTOR
n_1798,n_1800,HAS_DIRECTOR
n_1798,n_1801,HAS_BANK_ACCOUNT
n_1798,n_1802,USES_IP
n_1803,n_1804,HAS_DIRECTOR
n_1803,n_1805,HAS_DIRECTOR
n_1803,n_1806,HAS_BANK_ACCOUNT
n_1803,n_1807,USES_IP
n_1808,n_1809,HAS_DIRECTOR
n_1808,n_1810,HAS_DIRECTOR
n_1808,n_1811,HAS_BANK_ACCOUNT
n_1808,n_1812,USES_IP
n_1813,n_1814,HAS_DIRECTOR
n_1813,n_1815,HAS_BANK_ACCOUNT
n_1813,n_1816,USES_IP
n_1817,n_1818,HAS_DIRECTOR
n_1817,n_1819,HAS_BANK_ACCOUNT
n_1817,n_1820,USES_IP
n_1821,n_13,HAS_DIRECTOR
n_1821,n_1822,HAS_BANK_ACCOUNT
n_1821,n_1823,USES_IP
n_1824,n_1825,HAS_DIRECTOR
n_1824,n_1826,HAS_BANK_ACCOUNT
n_1824,n_1827,USES_IP
n_1828,n_1829,HAS_DIRECTOR
n_1828,n_1830,HAS_BANK_ACCOUNT
n_1828,n_1831,USES_IP
n_1832,n_1833,HAS_DIRECTOR
n_1832,n_1834,HAS_DIRECTOR
n_1832,n_1835,HAS_BANK_ACCOUNT
n_1832,n_1836,USES_IP
n_1837,n_1838,HAS_DIRECTOR
n_1837,n_1839,HAS_DIRECTOR
n_1837,n_1840,HAS_BANK_ACCOUNT
n_1837,n_2,USES_IP
n_1841,n_1842,HAS_DIRECTOR
n_1841,n_1843,HAS_DIRECTOR
n_1841,n_1844,HAS_BANK_ACCOUNT
n_1841,n_1845,USES_IP
n_1846,n_1847,HAS_DIRECTOR
n_1846,n_1848,HAS_DIRECTOR
n_1846,n_1849,HAS_BANK_ACCOUNT
n_1846,n_1850,USES_IP
n_1851,n_1852,HAS_DIRECTOR
n_1851,n_1853,HAS_BANK_ACCOUNT
n_1851,n_1854,USES_IP
n_1855,n_7,HAS_DIRECTOR
n_1855,n_1856,HAS_BANK_ACCOUNT
n_1855,n_1857,USES_IP
n_1858,n_1859,HAS_DIRECTOR
n_1858,n_1860,HAS_BANK_ACCOUNT
n_1858,n_3,USES_IP
n_1861,n_1862,HAS_DIRECTOR
n_1861,n_1863,HAS_DIRECTOR
n_1861,n_1864,HAS_BANK_ACCOUNT
n_1861,n_1865,USES_IP
n_1866,n_1867,HAS_DIRECTOR
n_1866,n_1868,HAS_DIRECTOR
n_1866,n_1869,HAS_BANK_ACCOUNT
n_1866,n_1870,USES_IP
n_1871,n_7,HAS_DIRECTOR
n_1871,n_1872,HAS_BANK_ACCOUNT
n_1871,n_2,USES_IP
n_1873,n_1874,HAS_DIRECTOR
n_1873,n_1875,HAS_DIRECTOR
n_1873,n_1876,HAS_BANK_ACCOUNT
n_1873,n_3,USES_IP
n_1877,n_1878,HAS_DIRECTOR
n_1877,n_1879,HAS_BANK_ACCOUNT
n_1877,n_4,USES_IP
n_1880,n_1881,HAS_DIRECTOR
n_1880,n_1882,HAS_DIRECTOR
n_1880,n_1883,HAS_BANK_ACCOUNT
n_1880,n_4,USES_IP
n_1884,n_1885,HAS_DIRECTOR
n_1884,n_1886,HAS_BANK_ACCOUNT
n_1884,n_1887,USES_IP
n_1888,n_1889,HAS_DIRECTOR
n_1888,n_1890,HAS_BANK_ACCOUNT
n_1888,n_1891,USES_IP
n_1892,n_11,HAS_DIRECTOR
n_1892,n_1893,HAS_BANK_ACCOUNT
n_1892,n_1894,USES_IP
n_1895,n_1896,HAS_DIRECTOR
n_1895,n_1897,HAS_BANK_ACCOUNT
n_1895,n_1898,USES_IP
n_1899,n_1900,HAS_DIRECTOR
n_1899,n_1901,HAS_BANK_ACCOUNT
n_1899,n_1902,USES_IP
n_1903,n_1904,HAS_DIRECTOR
n_1903,n_1905,HAS_DIRECTOR
n_1903,n_1906,HAS_BANK_ACCOUNT
n_1903,n_1907,USES_IP
n_1908,n_1909,HAS_DIRECTOR
n_1908,n_1910,HAS_BANK_ACCOUNT
n_1908,n_1911,USES_IP
n_1912,n_9,HAS_DIRECTOR
n_1912,n_1913,HAS_BANK_ACCOUNT
n_1912,n_1914,USES_IP
n_1915,n_1916,HAS_DIRECTOR
n_1915,n_1917,HAS_DIRECTOR
n_1915,n_1918,HAS_BANK_ACCOUNT
n_1915,n_3,USES_IP
n_1919,n_1920,HAS_DIRECTOR
n_1919,n_1921,HAS_BANK_ACCOUNT
n_1919,n_1922,USES_IP
n_1923,n_1924,HAS_DIRECTOR
n_1923,n_1925,HAS_DIRECTOR
n_1923,n_1926,HAS_BANK_ACCOUNT
n_1923,n_1927,USES_IP
n_1928,n_1929,HAS_DIRECTOR
n_1928,n_1930,HAS_BANK_ACCOUNT
n_1928,n_1931,USES_IP
n_1932,n_1933,HAS_DIRECTOR
n_1932,n_1934,HAS_BANK_ACCOUNT
n_1932,n_1935,USES_IP
n_1936,n_9,HAS_DIRECTOR
n_1936,n_1937,HAS_BANK_ACCOUNT
n_1936,n_1938,USES_IP
n_1939,n_1940,HAS_DIRECTOR
n_1939,n_1941,HAS_DIRECTOR
n_1939,n_1942,HAS_BANK_ACCOUNT
n_1939,n_1943,USES_IP
n_1944,n_1945,HAS_DIRECTOR
n_1944,n_1946,HAS_DIRECTOR
n_1944,n_1947,HAS_BANK_ACCOUNT
n_1944,n_1948,USES_IP
n_1949,n_1950,HAS_DIRECTOR
n_1949,n_1951,HAS_BANK_ACCOUNT
n_1949,n_1952,USES_IP
n_1953,n_1954,HAS_DIRECTOR
n_1953,n_1955,HAS_BANK_ACCOUNT
n_1953,n_1956,USES_IP
n_1957,n_1958,HAS_DIRECTOR
n_1957,n_1959,HAS_BANK_ACCOUNT
n_1957,n_1960,USES_IP
n_1961,n_1962,HAS_DIRECTOR
n_1961,n_1963,HAS_DIRECTOR
n_1961,n_1964,HAS_BANK_ACCOUNT
n_1961,n_1965,USES_IP
n_1966,n_1967,HAS_DIRECTOR
n_1966,n_1968,HAS_DIRECTOR
n_1966,n_1969,HAS_BANK_ACCOUNT
n_1966,n_1970,USES_IP
n_1971,n_1972,HAS_DIRECTOR
n_1971,n_1973,HAS_DIRECTOR
n_1971,n_1974,HAS_BANK_ACCOUNT
n_1971,n_1975,USES_IP
n_1976,n_1977,HAS_DIRECTOR
n_1976,n_1978,HAS_DIRECTOR
n_1976,n_1979,HAS_BANK_ACCOUNT
n_1976,n_1980,USES_IP
n_1981,n_1982,HAS_DIRECTOR
n_1981,n_1983,HAS_BANK_ACCOUNT
n_1981,n_1984,USES_IP
n_1985,n_1986,HAS_DIRECTOR
n_1985,n_1987,HAS_BANK_ACCOUNT
n_1985,n_1988,USES_IP
n_1989,n_1990,HAS_DIRECTOR
n_1989,n_1991,HAS_BANK_ACCOUNT
n_1989,n_1992,USES_IP
n_1993,n_1994,HAS_DIRECTOR
n_1993,n_1995,HAS_DIRECTOR
n_1993,n_1996,HAS_BANK_ACCOUNT
n_1993,n_1997,USES_IP
n_1998,n_1999,HAS_DIRECTOR
n_1998,n_2000,HAS_DIRECTOR
n_1998,n_2001,HAS_BANK_ACCOUNT
n_1998,n_2002,USES_IP
n_2003,n_11,HAS_DIRECTOR
n_2003,n_2004,HAS_BANK_ACCOUNT
n_2003,n_2005,USES_IP
n_2006,n_2007,HAS_DIRECTOR
n_2006,n_2008,HAS_BANK_ACCOUNT
n_2006,n_4,USES_IP
n_2009,n_2010,HAS_DIRECTOR
n_2009,n_2011,HAS_BANK_ACCOUNT
n_2009,n_2012,USES_IP
n_2013,n_2014,HAS_DIRECTOR
n_2013,n_2015,HAS_DIRECTOR
n_2013,n_2016,HAS_BANK_ACCOUNT
n_2013,n_1,USES_IP
n_2017,n_2018,HAS_DIRECTOR
n_2017,n_2019,HAS_DIRECTOR
n_2017,n_2020,HAS_BANK_ACCOUNT
n_2017,n_2021,USES_IP
n_2022,n_2023,HAS_DIRECTOR
n_2022,n_2024,HAS_BANK_ACCOUNT
n_2022,n_2025,USES_IP
n_2026,n_2027,HAS_DIRECTOR
n_2026,n_2028,HAS_DIRECTOR
n_2026,n_2029,HAS_BANK_ACCOUNT
n_2026,n_2030,USES_IP
n_2031,n_2032,HAS_DIRECTOR
n_2031,n_2033,HAS_BANK_ACCOUNT
n_2031,n_2034,USES_IP
n_2035,n_2036,HAS_DIRECTOR
n_2035,n_2037,HAS_DIRECTOR
n_2035,n_2038,HAS_BANK_ACCOUNT
n_2035,n_2039,USES_IP
n_2040,n_2041,HAS_DIRECTOR
n_2040,n_2042,HAS_BANK_ACCOUNT
n_2040,n_2043,USES_IP
n_2044,n_2045,HAS_DIRECTOR
n_2044,n_2046,HAS_BANK_ACCOUNT
n_2044,n_2047,USES_IP
n_2048,n_2049,HAS_DIRECTOR
n_2048,n_2050,HAS_DIRECTOR
n_2048,n_2051,HAS_BANK_ACCOUNT
n_2048,n_2052,USES_IP
n_2053,n_2054,HAS_DIRECTOR
n_2053,n_2055,HAS_DIRECTOR
n_2053,n_2056,HAS_BANK_ACCOUNT
n_2053,n_2057,USES_IP
n_2058,n_2059,HAS_DIRECTOR
n_2058,n_2060,HAS_BANK_ACCOUNT
n_2058,n_2061,USES_IP
n_2062,n_2063,HAS_DIRECTOR
n_2062,n_2064,HAS_DIRECTOR
n_2062,n_2065,HAS_BANK_ACCOUNT
n_2062,n_2066,USES_IP
n_2067,n_2068,HAS_DIRECTOR
n_2067,n_2069,HAS_DIRECTOR
n_2067,n_2070,HAS_BANK_ACCOUNT
n_2067,n_2071,USES_IP
n_2072,n_2073,HAS_DIRECTOR
n_2072,n_2074,HAS_DIRECTOR
n_2072,n_2075,HAS_BANK_ACCOUNT
n_2072,n_2076,USES_IP
n_2077,n_2078,HAS_DIRECTOR
n_2077,n_2079,HAS_BANK_ACCOUNT
n_2077,n_2080,USES_IP
n_2081,n_2082,HAS_DIRECTOR
n_2081,n_2083,HAS_BANK_ACCOUNT
n_2081,n_2084,USES_IP
n_2085,n_2086,HAS_DIRECTOR
n_2085,n_2087,HAS_BANK_ACCOUNT
n_2085,n_2088,USES_IP
n_2089,n_14,HAS_DIRECTOR
n_2089,n_2090,HAS_BANK_ACCOUNT
n_2089,n_2091,USES_IP
n_2092,n_2093,HAS_DIRECTOR
n_2092,n_2094,HAS_BANK_ACCOUNT
n_2092,n_2095,USES_IP
n_2096,n_10,HAS_DIRECTOR
n_2096,n_2097,HAS_BANK_ACCOUNT
n_2096,n_2098,USES_IP
n_2099,n_2100,HAS_DIRECTOR
n_2099,n_2101,HAS_DIRECTOR
n_2099,n_2102,HAS_BANK_ACCOUNT
n_2099,n_2103,USES_IP
n_2104,n_2105,HAS_DIRECTOR
n_2104,n_2106,HAS_BANK_ACCOUNT
n_2104,n_3,USES_IP
n_2107,n_2108,HAS_DIRECTOR
n_2107,n_2109,HAS_DIRECTOR
n_2107,n_2110,HAS_BANK_ACCOUNT
n_2107,n_2111,USES_IP
n_2112,n_2113,HAS_DIRECTOR
n_2112,n_2114,HAS_BANK_ACCOUNT
n_2112,n_2115,USES_IP
n_2116,n_2117,HAS_DIRECTOR
n_2116,n_2118,HAS_BANK_ACCOUNT
n_2116,n_2119,USES_IP
n_2120,n_2121,HAS_DIRECTOR
n_2120,n_2122,HAS_BANK_ACCOUNT
n_2120,n_2123,USES_IP
n_2124,n_2125,HAS_DIRECTOR
n_2124,n_2126,HAS_DIRECTOR
n_2124,n_2127,HAS_BANK_ACCOUNT
n_2124,n_3,USES_IP
n_2128,n_2129,HAS_DIRECTOR
n_2128,n_2130,HAS_BANK_ACCOUNT
n_2128,n_2131,USES_IP
n_2132,n_2133,HAS_DIRECTOR
n_2132,n_2134,HAS_DIRECTOR
n_2132,n_2135,HAS_BANK_ACCOUNT
n_2132,n_2136,USES_IP
n_2137,n_2138,HAS_DIRECTOR
n_2137,n_2139,HAS_DIRECTOR
n_2137,n_2140,HAS_BANK_ACCOUNT
n_2137,n_3,USES_IP
n_2141,n_2142,HAS_DIRECTOR
n_2141,n_2143,HAS_BANK_ACCOUNT
n_2141,n_2144,USES_IP
n_2145,n_2146,HAS_DIRECTOR
n_2145,n_2147,HAS_BANK_ACCOUNT
n_2145,n_5,USES_IP
n_2148,n_2149,HAS_DIRECTOR
n_2148,n_2150,HAS_DIRECTOR
n_2148,n_2151,HAS_BANK_ACCOUNT
n_2148,n_2152,USES_IP
n_2153,n_2154,HAS_DIRECTOR
n_2153,n_2155,HAS_BANK_ACCOUNT
n_2153,n_5,USES_IP
n_2156,n_2157,HAS_DIRECTOR
n_2156,n_2158,HAS_BANK_ACCOUNT
n_2156,n_2159,USES_IP
n_2160,n_2161,HAS_DIRECTOR
n_2160,n_2162,HAS_BANK_ACCOUNT
n_2160,n_2163,USES_IP
n_2164,n_2165,HAS_DIRECTOR
n_2164,n_2166,HAS_DIRECTOR
n_2164,n_2167,HAS_BANK_ACCOUNT
n_2164,n_2168,USES_IP
n_2169,n_2170,HAS_DIRECTOR
n_2169,n_2171,HAS_BANK_ACCOUNT
n_2169,n_2172,USES_IP
n_2173,n_2174,HAS_DIRECTOR
n_2173,n_2175,HAS_DIRECTOR
n_2173,n_2176,HAS_BANK_ACCOUNT
n_2173,n_2177,USES_IP
n_2178,n_2179,HAS_DIRECTOR
n_2178,n_2180,HAS_BANK_ACCOUNT
n_2178,n_2181,USES_IP
n_2182,n_2183,HAS_DIRECTOR
n_2182,n_2184,HAS_BANK_ACCOUNT
n_2182,n_2185,USES_IP
n_2186,n_2187,HAS_DIRECTOR
n_2186,n_2188,HAS_DIRECTOR
n_2186,n_2189,HAS_BANK_ACCOUNT
n_2186,n_2190,USES_IP
n_2191,n_2192,HAS_DIRECTOR
n_2191,n_2193,HAS_DIRECTOR
n_2191,n_2194,HAS_BANK_ACCOUNT
n_2191,n_3,USES_IP
n_2195,n_2196,HAS_DIRECTOR
n_2195,n_2197,HAS_BANK_ACCOUNT
n_2195,n_2198,USES_IP
n_2199,n_2200,HAS_DIRECTOR
n_2199,n_2201,HAS_DIRECTOR
n_2199,n_2202,HAS_BANK_ACCOUNT
n_2199,n_2203,USES_IP
n_2204,n_2205,HAS_DIRECTOR
n_2204,n_2206,HAS_BANK_ACCOUNT
n_2204,n_2207,USES_IP
n_2208,n_2209,HAS_DIRECTOR
n_2208,n_2210,HAS_DIRECTOR
n_2208,n_2211,HAS_BANK_ACCOUNT
n_2208,n_2212,USES_IP
n_2213,n_2214,HAS_DIRECTOR
n_2213,n_2215,HAS_BANK_ACCOUNT
n_2213,n_2216,USES_IP
n_2217,n_2218,HAS_DIRECTOR
n_2217,n_2219,HAS_DIRECTOR
n_2217,n_2220,HAS_BANK_ACCOUNT
n_2217,n_2,USES_IP
n_2221,n_2222,HAS_DIRECTOR
n_2221,n_2223,HAS_DIRECTOR
n_2221,n_2224,HAS_BANK_ACCOUNT
n_2221,n_2225,USES_IP
n_2226,n_2227,HAS_DIRECTOR
n_2226,n_2228,HAS_BANK_ACCOUNT
n_2226,n_4,USES_IP
n_2229,n_2230,HAS_DIRECTOR
n_2229,n_2231,HAS_BANK_ACCOUNT
n_2229,n_2232,USES_IP
n_2233,n_2234,HAS_DIRECTOR
n_2233,n_2235,HAS_BANK_ACCOUNT
n_2233,n_2236,USES_IP
n_2237,n_2238,HAS_DIRECTOR
n_2237,n_2239,HAS_DIRECTOR
n_2237,n_2240,HAS_BANK_ACCOUNT
n_2237,n_2241,USES_IP
n_2242,n_7,HAS_DIRECTOR
n_2242,n_2243,HAS_BANK_ACCOUNT
n_2242,n_2244,USES_IP
n_2245,n_2246,HAS_DIRECTOR
n_2245,n_2247,HAS_DIRECTOR
n_2245,n_2248,HAS_BANK_ACCOUNT
n_2245,n_2249,USES_IP
n_2250,n_2251,HAS_DIRECTOR
n_2250,n_2252,HAS_DIRECTOR
n_2250,n_2253,HAS_BANK_ACCOUNT
n_2250,n_5,USES_IP
n_2254,n_2255,HAS_DIRECTOR
n_2254,n_2256,HAS_DIRECTOR
n_2254,n_2257,HAS_BANK_ACCOUNT
n_2254,n_5,USES_IP
n_2258,n_2259,HAS_DIRECTOR
n_2258,n_2260,HAS_DIRECTOR
n_2258,n_2261,HAS_BANK_ACCOUNT
n_2258,n_2262,USES_IP
n_2263,n_2264,HAS_DIRECTOR
n_2263,n_2265,HAS_BANK_ACCOUNT
n_2263,n_1,USES_IP
n_2266,n_2267,HAS_DIRECTOR
n_2266,n_2268,HAS_DIRECTOR
n_2266,n_2269,HAS_BANK_ACCOUNT
n_2266,n_2270,USES_IP
n_2271,n_2272,HAS_DIRECTOR
n_2271,n_2273,HAS_BANK_ACCOUNT
n_2271,n_5,USES_IP
n_2274,n_2275,HAS_DIRECTOR
n_2274,n_2276,HAS_BANK_ACCOUNT
n_2274,n_2,USES_IP
n_2277,n_2278,HAS_DIRECTOR
n_2277,n_2279,HAS_DIRECTOR
n_2277,n_2280,HAS_BANK_ACCOUNT
n_2277,n_2281,USES_IP
n_2282,n_2283,HAS_DIRECTOR
n_2282,n_2284,HAS_BANK_ACCOUNT
n_2282,n_2285,USES_IP
n_2286,n_2287,HAS_DIRECTOR
n_2286,n_2288,HAS_BANK_ACCOUNT
n_2286,n_2289,USES_IP
n_2290,n_2291,HAS_DIRECTOR
n_2290,n_2292,HAS_DIRECTOR
n_2290,n_2293,HAS_BANK_ACCOUNT
n_2290,n_2294,USES_IP
n_2295,n_2296,HAS_DIRECTOR
n_2295,n_2297,HAS_DIRECTOR
n_2295,n_2298,HAS_BANK_ACCOUNT
n_2295,n_2299,USES_IP
n_2300,n_2301,HAS_DIRECTOR
n_2300,n_2302,HAS_BANK_ACCOUNT
n_2300,n_2303,USES_IP
n_2304,n_2305,HAS_DIRECTOR
n_2304,n_2306,HAS_DIRECTOR
n_2304,n_2307,HAS_BANK_ACCOUNT
n_2304,n_2308,USES_IP
n_2309,n_2310,HAS_DIRECTOR
n_2309,n_2311,HAS_BANK_ACCOUNT
n_2309,n_2312,USES_IP
n_2313,n_2314,HAS_DIRECTOR
n_2313,n_2315,HAS_BANK_ACCOUNT
n_2313,n_2316,USES_IP
n_2317,n_2318,HAS_DIRECTOR
n_2317,n_2319,HAS_BANK_ACCOUNT
n_2317,n_2320,USES_IP
n_2321,n_2322,HAS_DIRECTOR
n_2321,n_2323,HAS_DIRECTOR
n_2321,n_2324,HAS_BANK_ACCOUNT
n_2321,n_2,USES_IP
n_2325,n_7,HAS_DIRECTOR
n_2325,n_2326,HAS_BANK_ACCOUNT
n_2325,n_4,USES_IP
n_2327,n_2328,HAS_DIRECTOR
n_2327,n_2329,HAS_BANK_ACCOUNT
n_2327,n_2330,USES_IP
n_2331,n_2332,HAS_DIRECTOR
n_2331,n_2333,HAS_DIRECTOR
n_2331,n_2334,HAS_BANK_ACCOUNT
n_2331,n_2335,USES_IP
n_2336,n_2337,HAS_DIRECTOR
n_2336,n_2338,HAS_BANK_ACCOUNT
n_2336,n_2339,USES_IP
n_2340,n_2341,HAS_DIRECTOR
n_2340,n_2342,HAS_DIRECTOR
n_2340,n_2343,HAS_BANK_ACCOUNT
n_2340,n_2344,USES_IP
n_2345,n_2346,HAS_DIRECTOR
n_2345,n_2347,HAS_DIRECTOR
n_2345,n_2348,HAS_BANK_ACCOUNT
n_2345,n_2349,USES_IP
n_2350,n_2351,HAS_DIRECTOR
n_2350,n_2352,HAS_DIRECTOR
n_2350,n_2353,HAS_BANK_ACCOUNT
n_2350,n_2354,USES_IP
n_2355,n_2356,HAS_DIRECTOR
n_2355,n_2357,HAS_DIRECTOR
n_2355,n_2358,HAS_BANK_ACCOUNT
n_2355,n_2359,USES_IP
n_2360,n_2361,HAS_DIRECTOR
n_2360,n_2362,HAS_BANK_ACCOUNT
n_2360,n_2363,USES_IP
n_2364,n_2365,HAS_DIRECTOR
n_2364,n_2366,HAS_DIRECTOR
n_2364,n_2367,HAS_BANK_ACCOUNT
n_2364,n_2368,USES_IP
n_2369,n_2370,HAS_DIRECTOR
n_2369,n_2371,HAS_DIRECTOR
n_2369,n_2372,HAS_BANK_ACCOUNT
n_2369,n_2373,USES_IP
n_2374,n_2375,HAS_DIRECTOR
n_2374,n_2376,HAS_DIRECTOR
n_2374,n_2377,HAS_BANK_ACCOUNT
n_2374,n_2378,USES_IP
n_2379,n_2380,HAS_DIRECTOR
n_2379,n_2381,HAS_DIRECTOR
n_2379,n_2382,HAS_BANK_ACCOUNT
n_2379,n_2383,USES_IP
n_2384,n_2385,HAS_DIRECTOR
n_2384,n_2386,HAS_DIRECTOR
n_2384,n_2387,HAS_BANK_ACCOUNT
n_2384,n_2388,USES_IP
n_2389,n_2390,HAS_DIRECTOR
n_2389,n_2391,HAS_DIRECTOR
n_2389,n_2392,HAS_BANK_ACCOUNT
n_2389,n_1,USES_IP
n_2393,n_2394,HAS_DIRECTOR
n_2393,n_2395,HAS_DIRECTOR
n_2393,n_2396,HAS_BANK_ACCOUNT
n_2393,n_2397,USES_IP
n_2398,n_2399,HAS_DIRECTOR
n_2398,n_2400,HAS_BANK_ACCOUNT
n_2398,n_2401,USES_IP
n_2402,n_2403,HAS_DIRECTOR
n_2402,n_2404,HAS_DIRECTOR
n_2402,n_2405,HAS_BANK_ACCOUNT
n_2402,n_5,USES_IP
n_2406,n_2407,HAS_DIRECTOR
n_2406,n_2408,HAS_BANK_ACCOUNT
n_2406,n_2409,USES_IP
n_2410,n_2411,HAS_DIRECTOR
n_2410,n_2412,HAS_BANK_ACCOUNT
n_2410,n_2413,USES_IP
n_2414,n_12,HAS_DIRECTOR
n_2414,n_2415,HAS_BANK_ACCOUNT
n_2414,n_2416,USES_IP
n_2417,n_2418,HAS_DIRECTOR
n_2417,n_2419,HAS_BANK_ACCOUNT
n_2417,n_5,USES_IP
n_2420,n_2421,HAS_DIRECTOR
n_2420,n_2422,HAS_BANK_ACCOUNT
n_2420,n_2423,USES_IP
n_2424,n_2425,HAS_DIRECTOR
n_2424,n_2426,HAS_DIRECTOR
n_2424,n_2427,HAS_BANK_ACCOUNT
n_2424,n_2428,USES_IP
n_2429,n_2430,HAS_DIRECTOR
n_2429,n_2431,HAS_DIRECTOR
n_2429,n_2432,HAS_BANK_ACCOUNT
n_2429,n_2433,USES_IP
n_2434,n_2435,HAS_DIRECTOR
n_2434,n_2436,HAS_BANK_ACCOUNT
n_2434,n_2437,USES_IP
n_2438,n_2439,HAS_DIRECTOR
n_2438,n_2440,HAS_BANK_ACCOUNT
n_2438,n_2441,USES_IP
n_2442,n_2443,HAS_DIRECTOR
n_2442,n_2444,HAS_BANK_ACCOUNT
n_2442,n_2445,USES_IP
n_2446,n_12,HAS_DIRECTOR
n_2446,n_2447,HAS_BANK_ACCOUNT
n_2446,n_2448,USES_IP
n_2449,n_2450,HAS_DIRECTOR
n_2449,n_2451,HAS_DIRECTOR
n_2449,n_2452,HAS_BANK_ACCOUNT
n_2449,n_2453,USES_IP
n_2454,n_15,HAS_DIRECTOR
n_2454,n_2455,HAS_BANK_ACCOUNT
n_2454,n_2456,USES_IP
n_2457,n_2458,HAS_DIRECTOR
n_2457,n_2459,HAS_DIRECTOR
n_2457,n_2460,HAS_BANK_ACCOUNT
n_2457,n_2461,USES_IP
n_2462,n_2463,HAS_DIRECTOR
n_2462,n_2464,HAS_DIRECTOR
n_2462,n_2465,HAS_BANK_ACCOUNT
n_2462,n_2466,USES_IP
n_2467,n_2468,HAS_DIRECTOR
n_2467,n_2469,HAS_DIRECTOR
n_2467,n_2470,HAS_BANK_ACCOUNT
n_2467,n_2471,USES_IP
n_2472,n_2473,HAS_DIRECTOR
n_2472,n_2474,HAS_DIRECTOR
n_2472,n_2475,HAS_BANK_ACCOUNT
n_2472,n_4,USES_IP
n_2476,n_2477,HAS_DIRECTOR
n_2476,n_2478,HAS_BANK_ACCOUNT
n_2476,n_3,USES_IP
n_2479,n_2480,HAS_DIRECTOR
n_2479,n_2481,HAS_BANK_ACCOUNT
n_2479,n_4,USES_IP
n_2482,n_2483,HAS_DIRECTOR
n_2482,n_2484,HAS_DIRECTOR
n_2482,n_2485,HAS_BANK_ACCOUNT
n_2482,n_1,USES_IP
n_2486,n_2487,HAS_DIRECTOR
n_2486,n_2488,HAS_BANK_ACCOUNT
n_2486,n_2489,USES_IP
n_2490,n_2491,HAS_DIRECTOR
n_2490,n_2492,HAS_BANK_ACCOUNT
n_2490,n_2493,USES_IP
n_2494,n_2495,HAS_DIRECTOR
n_2494,n_2496,HAS_DIRECTOR
n_2494,n_2497,HAS_BANK_ACCOUNT
n_2494,n_2498,USES_IP
n_2499,n_2500,HAS_DIRECTOR
n_2499,n_2501,HAS_BANK_ACCOUNT
n_2499,n_2502,USES_IP
n_2503,n_2504,HAS_DIRECTOR
n_2503,n_2505,HAS_BANK_ACCOUNT
n_2503,n_1,USES_IP
n_2506,n_2507,HAS_DIRECTOR
n_2506,n_2508,HAS_BANK_ACCOUNT
n_2506,n_2509,USES_IP
n_2510,n_2511,HAS_DIRECTOR
n_2510,n_2512,HAS_DIRECTOR
n_2510,n_2513,HAS_BANK_ACCOUNT
n_2510,n_2514,USES_IP
n_2515,n_2516,HAS_DIRECTOR
n_2515,n_2517,HAS_DIRECTOR
n_2515,n_2518,HAS_BANK_ACCOUNT
n_2515,n_2519,USES_IP
n_2520,n_2521,HAS_DIRECTOR
n_2520,n_2522,HAS_BANK_ACCOUNT
n_2520,n_2523,USES_IP
n_2524,n_2525,HAS_DIRECTOR
n_2524,n_2526,HAS_DIRECTOR
n_2524,n_2527,HAS_BANK_ACCOUNT
n_2524,n_2528,USES_IP
n_2529,n_2530,HAS_DIRECTOR
n_2529,n_2531,HAS_DIRECTOR
n_2529,n_2532,HAS_BANK_ACCOUNT
n_2529,n_2533,USES_IP
n_2534,n_2535,HAS_DIRECTOR
n_2534,n_2536,HAS_BANK_ACCOUNT
n_2534,n_2537,USES_IP
n_2538,n_2539,HAS_DIRECTOR
n_2538,n_2540,HAS_BANK_ACCOUNT
n_2538,n_2541,USES_IP
n_2542,n_2543,HAS_DIRECTOR
n_2542,n_2544,HAS_DIRECTOR
n_2542,n_2545,HAS_BANK_ACCOUNT
n_2542,n_5,USES_IP
n_2546,n_2547,HAS_DIRECTOR
n_2546,n_2548,HAS_BANK_ACCOUNT
n_2546,n_2549,USES_IP
n_2550,n_2551,HAS_DIRECTOR
n_2550,n_2552,HAS_DIRECTOR
n_2550,n_2553,HAS_BANK_ACCOUNT
n_2550,n_2554,USES_IP
n_2555,n_2556,HAS_DIRECTOR
n_2555,n_2557,HAS_BANK_ACCOUNT
n_2555,n_2558,USES_IP
n_2559,n_2560,HAS_DIRECTOR
n_2559,n_2561,HAS_DIRECTOR
n_2559,n_2562,HAS_BANK_ACCOUNT
n_2559,n_2563,USES_IP
n_2564,n_2565,HAS_DIRECTOR
n_2564,n_2566,HAS_DIRECTOR
n_2564,n_2567,HAS_BANK_ACCOUNT
n_2564,n_2568,USES_IP
n_2569,n_13,HAS_DIRECTOR
n_2569,n_2570,HAS_BANK_ACCOUNT
n_2569,n_2571,USES_IP
n_2572,n_2573,HAS_DIRECTOR
n_2572,n_2574,HAS_BANK_ACCOUNT
n_2572,n_2575,USES_IP
n_2576,n_2577,HAS_DIRECTOR
n_2576,n_2578,HAS_BANK_ACCOUNT
n_2576,n_2579,USES_IP
n_2580,n_11,HAS_DIRECTOR
n_2580,n_2581,HAS_BANK_ACCOUNT
n_2580,n_2582,USES_IP
n_2583,n_2584,HAS_DIRECTOR
n_2583,n_2585,HAS_BANK_ACCOUNT
n_2583,n_2586,USES_IP
n_2587,n_13,HAS_DIRECTOR
n_2587,n_2588,HAS_BANK_ACCOUNT
n_2587,n_4,USES_IP
n_2589,n_2590,HAS_DIRECTOR
n_2589,n_2591,HAS_BANK_ACCOUNT
n_2589,n_2592,USES_IP
n_2593,n_2594,HAS_DIRECTOR
n_2593,n_2595,HAS_DIRECTOR
n_2593,n_2596,HAS_BANK_ACCOUNT
n_2593,n_2597,USES_IP
n_2598,n_2599,HAS_DIRECTOR
n_2598,n_2600,HAS_DIRECTOR
n_2598,n_2601,HAS_BANK_ACCOUNT
n_2598,n_2602,USES_IP
n_2603,n_2604,HAS_DIRECTOR
n_2603,n_2605,HAS_DIRECTOR
n_2603,n_2606,HAS_BANK_ACCOUNT
n_2603,n_5,USES_IP
n_2607,n_2608,HAS_DIRECTOR
n_2607,n_2609,HAS_DIRECTOR
n_2607,n_2610,HAS_BANK_ACCOUNT
n_2607,n_5,USES_IP
n_2611,n_2612,HAS_DIRECTOR
n_2611,n_2613,HAS_BANK_ACCOUNT
n_2611,n_2614,USES_IP
n_2615,n_2616,HAS_DIRECTOR
n_2615,n_2617,HAS_BANK_ACCOUNT
n_2615,n_2618,USES_IP
n_2619,n_2620,HAS_DIRECTOR
n_2619,n_2621,HAS_DIRECTOR
n_2619,n_2622,HAS_BANK_ACCOUNT
n_2619,n_2623,USES_IP
n_2624,n_2625,HAS_DIRECTOR
n_2624,n_2626,HAS_DIRECTOR
n_2624,n_2627,HAS_BANK_ACCOUNT
n_2624,n_2628,USES_IP
n_2629,n_2630,HAS_DIRECTOR
n_2629,n_2631,HAS_DIRECTOR
n_2629,n_2632,HAS_BANK_ACCOUNT
n_2629,n_2,USES_IP
n_2633,n_2634,HAS_DIRECTOR
n_2633,n_2635,HAS_BANK_ACCOUNT
n_2633,n_4,USES_IP
n_2636,n_2637,HAS_DIRECTOR
n_2636,n_2638,HAS_BANK_ACCOUNT
n_2636,n_2639,USES_IP
n_2640,n_15,HAS_DIRECTOR
n_2640,n_2641,HAS_BANK_ACCOUNT
n_2640,n_5,USES_IP
n_2642,n_2643,HAS_DIRECTOR
n_2642,n_2644,HAS_BANK_ACCOUNT
n_2642,n_2645,USES_IP
n_2646,n_13,HAS_DIRECTOR
n_2646,n_2647,HAS_BANK_ACCOUNT
n_2646,n_2648,USES_IP
n_2649,n_2650,HAS_DIRECTOR
n_2649,n_2651,HAS_BANK_ACCOUNT
n_2649,n_3,USES_IP
n_2652,n_2653,HAS_DIRECTOR
n_2652,n_2654,HAS_DIRECTOR
n_2652,n_2655,HAS_BANK_ACCOUNT
n_2652,n_2656,USES_IP
n_2657,n_2658,HAS_DIRECTOR
n_2657,n_2659,HAS_DIRECTOR
n_2657,n_2660,HAS_BANK_ACCOUNT
n_2657,n_2661,USES_IP
n_2662,n_2663,HAS_DIRECTOR
n_2662,n_2664,HAS_BANK_ACCOUNT
n_2662,n_2665,USES_IP
n_2666,n_2667,HAS_DIRECTOR
n_2666,n_2668,HAS_BANK_ACCOUNT
n_2666,n_2669,USES_IP
n_2670,n_2671,HAS_DIRECTOR
n_2670,n_2672,HAS_DIRECTOR
n_2670,n_2673,HAS_BANK_ACCOUNT
n_2670,n_3,USES_IP
n_2674,n_2675,HAS_DIRECTOR
n_2674,n_2676,HAS_DIRECTOR
n_2674,n_2677,HAS_BANK_ACCOUNT
n_2674,n_2678,USES_IP
n_2679,n_2680,HAS_DIRECTOR
n_2679,n_2681,HAS_DIRECTOR
n_2679,n_2682,HAS_BANK_ACCOUNT
n_2679,n_2683,USES_IP
n_2684,n_2685,HAS_DIRECTOR
n_2684,n_2686,HAS_BANK_ACCOUNT
n_2684,n_2687,USES_IP
n_2688,n_2689,HAS_DIRECTOR
n_2688,n_2690,HAS_BANK_ACCOUNT
n_2688,n_2691,USES_IP
n_2692,n_2693,HAS_DIRECTOR
n_2692,n_2694,HAS_DIRECTOR
n_2692,n_2695,HAS_BANK_ACCOUNT
n_2692,n_2696,USES_IP
n_2697,n_2698,HAS_DIRECTOR
n_2697,n_2699,HAS_DIRECTOR
n_2697,n_2700,HAS_BANK_ACCOUNT
n_2697,n_2701,USES_IP
n_2702,n_2703,HAS_DIRECTOR
n_2702,n_2704,HAS_BANK_ACCOUNT
n_2702,n_2705,USES_IP
n_2706,n_2707,HAS_DIRECTOR
n_2706,n_2708,HAS_BANK_ACCOUNT
n_2706,n_2709,USES_IP
n_2710,n_2711,HAS_DIRECTOR
n_2710,n_2712,HAS_BANK_ACCOUNT
n_2710,n_2713,USES_IP
n_2714,n_2715,HAS_DIRECTOR
n_2714,n_2716,HAS_BANK_ACCOUNT
n_2714,n_2717,USES_IP
n_2718,n_2719,HAS_DIRECTOR
n_2718,n_2720,HAS_BANK_ACCOUNT
n_2718,n_2721,USES_IP
n_2722,n_2723,HAS_DIRECTOR
n_2722,n_2724,HAS_BANK_ACCOUNT
n_2722,n_2725,USES_IP
n_2726,n_2727,HAS_DIRECTOR
n_2726,n_2728,HAS_DIRECTOR
n_2726,n_2729,HAS_BANK_ACCOUNT
n_2726,n_2730,USES_IP
n_2731,n_2732,HAS_DIRECTOR
n_2731,n_2733,HAS_BANK_ACCOUNT
n_2731,n_2734,USES_IP
n_2735,n_2736,HAS_DIRECTOR
n_2735,n_2737,HAS_BANK_ACCOUNT
n_2735,n_2738,USES_IP
n_2739,n_2740,HAS_DIRECTOR
n_2739,n_2741,HAS_BANK_ACCOUNT
n_2739,n_2742,USES_IP
n_2743,n_2744,HAS_DIRECTOR
n_2743,n_2745,HAS_DIRECTOR
n_2743,n_2746,HAS_BANK_ACCOUNT
n_2743,n_2747,USES_IP
n_2748,n_2749,HAS_DIRECTOR
n_2748,n_2750,HAS_DIRECTOR
n_2748,n_2751,HAS_BANK_ACCOUNT
n_2748,n_2752,USES_IP
n_2753,n_2754,HAS_DIRECTOR
n_2753,n_2755,HAS_DIRECTOR
n_2753,n_2756,HAS_BANK_ACCOUNT
n_2753,n_2757,USES_IP
n_2758,n_2759,HAS_DIRECTOR
n_2758,n_2760,HAS_DIRECTOR
n_2758,n_2761,HAS_BANK_ACCOUNT
n_2758,n_2762,USES_IP
n_2763,n_2764,HAS_DIRECTOR
n_2763,n_2765,HAS_DIRECTOR
n_2763,n_2766,HAS_BANK_ACCOUNT
n_2763,n_2767,USES_IP
n_2768,n_2769,HAS_DIRECTOR
n_2768,n_2770,HAS_BANK_ACCOUNT
n_2768,n_2771,USES_IP
n_2772,n_2773,HAS_DIRECTOR
n_2772,n_2774,HAS_BANK_ACCOUNT
n_2772,n_2775,USES_IP
n_2776,n_14,HAS_DIRECTOR
n_2776,n_2777,HAS_BANK_ACCOUNT
n_2776,n_2778,USES_IP
n_2779,n_2780,HAS_DIRECTOR
n_2779,n_2781,HAS_DIRECTOR
n_2779,n_2782,HAS_BANK_ACCOUNT
n_2779,n_2783,USES_IP
n_2784,n_2785,HAS_DIRECTOR
n_2784,n_2786,HAS_BANK_ACCOUNT
n_2784,n_2787,USES_IP
n_2788,n_2789,HAS_DIRECTOR
n_2788,n_2790,HAS_DIRECTOR
n_2788,n_2791,HAS_BANK_ACCOUNT
n_2788,n_2792,USES_IP
n_2793,n_2794,HAS_DIRECTOR
n_2793,n_2795,HAS_DIRECTOR
n_2793,n_2796,HAS_BANK_ACCOUNT
n_2793,n_2797,USES_IP
n_2798,n_2799,HAS_DIRECTOR
n_2798,n_2800,HAS_DIRECTOR
n_2798,n_2801,HAS_BANK_ACCOUNT
n_2798,n_2802,USES_IP
n_2803,n_2804,HAS_DIRECTOR
n_2803,n_2805,HAS_DIRECTOR
n_2803,n_2806,HAS_BANK_ACCOUNT
n_2803,n_5,USES_IP
n_2807,n_2808,HAS_DIRECTOR
n_2807,n_2809,HAS_BANK_ACCOUNT
n_2807,n_2810,USES_IP
n_2811,n_2812,HAS_DIRECTOR
n_2811,n_2813,HAS_BANK_ACCOUNT
n_2811,n_2814,USES_IP
n_2815,n_2816,HAS_DIRECTOR
n_2815,n_2817,HAS_BANK_ACCOUNT
n_2815,n_2818,USES_IP
n_2819,n_2820,HAS_DIRECTOR
n_2819,n_2821,HAS_BANK_ACCOUNT
n_2819,n_2,USES_IP
n_2822,n_14,HAS_DIRECTOR
n_2822,n_2823,HAS_BANK_ACCOUNT
n_2822,n_2824,USES_IP
n_2825,n_15,HAS_DIRECTOR
n_2825,n_2826,HAS_BANK_ACCOUNT
n_2825,n_2827,USES_IP
n_2828,n_2829,HAS_DIRECTOR
n_2828,n_2830,HAS_BANK_ACCOUNT
n_2828,n_5,USES_IP
n_2831,n_2832,HAS_DIRECTOR
n_2831,n_2833,HAS_BANK_ACCOUNT
n_2831,n_2834,USES_IP
n_2835,n_2836,HAS_DIRECTOR
n_2835,n_2837,HAS_DIRECTOR
n_2835,n_2838,HAS_BANK_ACCOUNT
n_2835,n_4,USES_IP
n_2839,n_2840,HAS_DIRECTOR
n_2839,n_2841,HAS_BANK_ACCOUNT
n_2839,n_1,USES_IP
n_2842,n_2843,HAS_DIRECTOR
n_2842,n_2844,HAS_BANK_ACCOUNT
n_2842,n_5,USES_IP
n_2845,n_2846,HAS_DIRECTOR
n_2845,n_2847,HAS_DIRECTOR
n_2845,n_2848,HAS_BANK_ACCOUNT
n_2845,n_2849,USES_IP
n_2850,n_2851,HAS_DIRECTOR
n_2850,n_2852,HAS_DIRECTOR
n_2850,n_2853,HAS_BANK_ACCOUNT
n_2850,n_2854,USES_IP
n_2855,n_2856,HAS_DIRECTOR
n_2855,n_2857,HAS_BANK_ACCOUNT
n_2855,n_2858,USES_IP
n_2859,n_2860,HAS_DIRECTOR
n_2859,n_2861,HAS_BANK_ACCOUNT
n_2859,n_2862,USES_IP
n_2863,n_2864,HAS_DIRECTOR
n_2863,n_2865,HAS_BANK_ACCOUNT
n_2863,n_4,USES_IP
n_2866,n_2867,HAS_DIRECTOR
n_2866,n_2868,HAS_DIRECTOR
n_2866,n_2869,HAS_BANK_ACCOUNT
n_2866,n_1,USES_IP
n_2870,n_2871,HAS_DIRECTOR
n_2870,n_2872,HAS_BANK_ACCOUNT
n_2870,n_2873,USES_IP
n_2874,n_2875,HAS_DIRECTOR
n_2874,n_2876,HAS_DIRECTOR
n_2874,n_2877,HAS_BANK_ACCOUNT
n_2874,n_2878,USES_IP
n_2879,n_2880,HAS_DIRECTOR
n_2879,n_2881,HAS_BANK_ACCOUNT
n_2879,n_2882,USES_IP
n_2883,n_2884,HAS_DIRECTOR
n_2883,n_2885,HAS_BANK_ACCOUNT
n_2883,n_2886,USES_IP
n_2887,n_2888,HAS_DIRECTOR
n_2887,n_2889,HAS_DIRECTOR
n_2887,n_2890,HAS_BANK_ACCOUNT
n_2887,n_2891,USES_IP
n_2892,n_2893,HAS_DIRECTOR
n_2892,n_2894,HAS_DIRECTOR
n_2892,n_2895,HAS_BANK_ACCOUNT
n_2892,n_2896,USES_IP
n_2897,n_2898,HAS_DIRECTOR
n_2897,n_2899,HAS_BANK_ACCOUNT
n_2897,n_3,USES_IP
n_2900,n_9,HAS_DIRECTOR
n_2900,n_2901,HAS_BANK_ACCOUNT
n_2900,n_2902,USES_IP
n_2903,n_2904,HAS_DIRECTOR
n_2903,n_2905,HAS_DIRECTOR
n_2903,n_2906,HAS_BANK_ACCOUNT
n_2903,n_2907,USES_IP
n_2908,n_2909,HAS_DIRECTOR
n_2908,n_2910,HAS_BANK_ACCOUNT
n_2908,n_2911,USES_IP
n_2912,n_2913,HAS_DIRECTOR
n_2912,n_2914,HAS_DIRECTOR
n_2912,n_2915,HAS_BANK_ACCOUNT
n_2912,n_2916,USES_IP
n_2917,n_2918,HAS_DIRECTOR
n_2917,n_2919,HAS_BANK_ACCOUNT
n_2917,n_2920,USES_IP
n_2921,n_2922,HAS_DIRECTOR
n_2921,n_2923,HAS_BANK_ACCOUNT
n_2921,n_2,USES_IP
n_2924,n_2925,HAS_DIRECTOR
n_2924,n_2926,HAS_DIRECTOR
n_2924,n_2927,HAS_BANK_ACCOUNT
n_2924,n_2928,USES_IP
n_2929,n_2930,HAS_DIRECTOR
n_2929,n_2931,HAS_DIRECTOR
n_2929,n_2932,HAS_BANK_ACCOUNT
n_2929,n_2933,USES_IP
n_2934,n_2935,HAS_DIRECTOR
n_2934,n_2936,HAS_DIRECTOR
n_2934,n_2937,HAS_BANK_ACCOUNT
n_2934,n_2938,USES_IP
n_2939,n_2940,HAS_DIRECTOR
n_2939,n_2941,HAS_BANK_ACCOUNT
n_2939,n_2942,USES_IP
n_2943,n_2944,HAS_DIRECTOR
n_2943,n_2945,HAS_DIRECTOR
n_2943,n_2946,HAS_BANK_ACCOUNT
n_2943,n_5,USES_IP
n_2947,n_2948,HAS_DIRECTOR
n_2947,n_2949,HAS_BANK_ACCOUNT
n_2947,n_2950,USES_IP
n_2951,n_2952,HAS_DIRECTOR
n_2951,n_2953,HAS_BANK_ACCOUNT
n_2951,n_2954,USES_IP
n_2955,n_8,HAS_DIRECTOR
n_2955,n_2956,HAS_BANK_ACCOUNT
n_2955,n_2957,USES_IP
n_2958,n_2959,HAS_DIRECTOR
n_2958,n_2960,HAS_BANK_ACCOUNT
n_2958,n_2961,USES_IP
n_2962,n_2963,HAS_DIRECTOR
n_2962,n_2964,HAS_BANK_ACCOUNT
n_2962,n_3,USES_IP
n_2965,n_2966,HAS_DIRECTOR
n_2965,n_2967,HAS_DIRECTOR
n_2965,n_2968,HAS_BANK_ACCOUNT
n_2965,n_1,USES_IP
n_2969,n_2970,HAS_DIRECTOR
n_2969,n_2971,HAS_DIRECTOR
n_2969,n_2972,HAS_BANK_ACCOUNT
n_2969,n_2973,USES_IP
n_2974,n_2975,HAS_DIRECTOR
n_2974,n_2976,HAS_BANK_ACCOUNT
n_2974,n_3,USES_IP
n_2977,n_2978,HAS_DIRECTOR
n_2977,n_2979,HAS_DIRECTOR
n_2977,n_2980,HAS_BANK_ACCOUNT
n_2977,n_2981,USES_IP
n_2982,n_12,HAS_DIRECTOR
n_2982,n_2983,HAS_BANK_ACCOUNT
n_2982,n_2984,USES_IP
n_2985,n_14,HAS_DIRECTOR
n_2985,n_2986,HAS_BANK_ACCOUNT
n_2985,n_2987,USES_IP
n_2988,n_2989,HAS_DIRECTOR
n_2988,n_2990,HAS_BANK_ACCOUNT
n_2988,n_2991,USES_IP
n_2992,n_2993,HAS_DIRECTOR
n_2992,n_2994,HAS_DIRECTOR
n_2992,n_2995,HAS_BANK_ACCOUNT
n_2992,n_2996,USES_IP
n_2997,n_2998,HAS_DIRECTOR
n_2997,n_2999,HAS_BANK_ACCOUNT
n_2997,n_3,USES_IP
n_3000,n_3001,HAS_DIRECTOR
n_3000,n_3002,HAS_DIRECTOR
n_3000,n_3003,HAS_BANK_ACCOUNT
n_3000,n_3004,USES_IP
n_3005,n_3006,HAS_DIRECTOR
n_3005,n_3007,HAS_BANK_ACCOUNT
n_3005,n_3008,USES_IP
n_3009,n_3010,HAS_DIRECTOR
n_3009,n_3011,HAS_BANK_ACCOUNT
n_3009,n_3012,USES_IP
n_3013,n_3014,HAS_DIRECTOR
n_3013,n_3015,HAS_BANK_ACCOUNT
n_3013,n_3016,USES_IP
n_3017,n_3018,HAS_DIRECTOR
n_3017,n_3019,HAS_DIRECTOR
n_3017,n_3020,HAS_BANK_ACCOUNT
n_3017,n_3021,USES_IP
n_3022,n_3023,HAS_DIRECTOR
n_3022,n_3024,HAS_DIRECTOR
n_3022,n_3025,HAS_BANK_ACCOUNT
n_3022,n_3026,USES_IP
n_3027,n_3028,HAS_DIRECTOR
n_3027,n_3029,HAS_BANK_ACCOUNT
n_3027,n_3030,USES_IP
n_3031,n_3032,HAS_DIRECTOR
n_3031,n_3033,HAS_BANK_ACCOUNT
n_3031,n_3034,USES_IP
n_3035,n_3036,HAS_DIRECTOR
n_3035,n_3037,HAS_DIRECTOR
n_3035,n_3038,HAS_BANK_ACCOUNT
n_3035,n_3039,USES_IP
n_3040,n_3041,HAS_DIRECTOR
n_3040,n_3042,HAS_DIRECTOR
n_3040,n_3043,HAS_BANK_ACCOUNT
n_3040,n_3044,USES_IP
n_3045,n_3046,HAS_DIRECTOR
n_3045,n_3047,HAS_DIRECTOR
n_3045,n_3048,HAS_BANK_ACCOUNT
n_3045,n_3049,USES_IP
n_3050,n_3051,HAS_DIRECTOR
n_3050,n_3052,HAS_DIRECTOR
n_3050,n_3053,HAS_BANK_ACCOUNT
n_3050,n_3054,USES_IP
n_3055,n_3056,HAS_DIRECTOR
n_3055,n_3057,HAS_BANK_ACCOUNT
n_3055,n_3058,USES_IP
n_3059,n_3060,HAS_DIRECTOR
n_3059,n_3061,HAS_BANK_ACCOUNT
n_3059,n_3062,USES_IP
n_3063,n_3064,HAS_DIRECTOR
n_3063,n_3065,HAS_BANK_ACCOUNT
n_3063,n_3066,USES_IP
n_3067,n_3068,HAS_DIRECTOR
n_3067,n_3069,HAS_BANK_ACCOUNT
n_3067,n_3070,USES_IP
n_3071,n_3072,HAS_DIRECTOR
n_3071,n_3073,HAS_DIRECTOR
n_3071,n_3074,HAS_BANK_ACCOUNT
n_3071,n_3075,USES_IP
n_3076,n_3077,HAS_DIRECTOR
n_3076,n_3078,HAS_DIRECTOR
n_3076,n_3079,HAS_BANK_ACCOUNT
n_3076,n_3080,USES_IP
n_3081,n_3082,HAS_DIRECTOR
n_3081,n_3083,HAS_DIRECTOR
n_3081,n_3084,HAS_BANK_ACCOUNT
n_3081,n_3085,USES_IP
n_3086,n_15,HAS_DIRECTOR
n_3086,n_3087,HAS_BANK_ACCOUNT
n_3086,n_3088,USES_IP
n_3089,n_3090,HAS_DIRECTOR
n_3089,n_3091,HAS_DIRECTOR
n_3089,n_3092,HAS_BANK_ACCOUNT
n_3089,n_3093,USES_IP
n_3094,n_3095,HAS_DIRECTOR
n_3094,n_3096,HAS_DIRECTOR
n_3094,n_3097,HAS_BANK_ACCOUNT
n_3094,n_3098,USES_IP
n_3099,n_3100,HAS_DIRECTOR
n_3099,n_3101,HAS_BANK_ACCOUNT
n_3099,n_2,USES_IP
n_3102,n_3103,HAS_DIRECTOR
n_3102,n_3104,HAS_DIRECTOR
n_3102,n_3105,HAS_BANK_ACCOUNT
n_3102,n_5,USES_IP
n_3106,n_12,HAS_DIRECTOR
n_3106,n_3107,HAS_BANK_ACCOUNT
n_3106,n_3108,USES_IP
n_3109,n_3110,HAS_DIRECTOR
n_3109,n_3111,HAS_DIRECTOR
n_3109,n_3112,HAS_BANK_ACCOUNT
n_3109,n_1,USES_IP
n_3113,n_3114,HAS_DIRECTOR
n_3113,n_3115,HAS_BANK_ACCOUNT
n_3113,n_3116,USES_IP
n_3117,n_3118,HAS_DIRECTOR
n_3117,n_3119,HAS_BANK_ACCOUNT
n_3117,n_3120,USES_IP
n_3121,n_7,HAS_DIRECTOR
n_3121,n_3122,HAS_BANK_ACCOUNT
n_3121,n_3123,USES_IP
n_3124,n_3125,HAS_DIRECTOR
n_3124,n_3126,HAS_BANK_ACCOUNT
n_3124,n_2,USES_IP
n_3127,n_3128,HAS_DIRECTOR
n_3127,n_3129,HAS_DIRECTOR
n_3127,n_3130,HAS_BANK_ACCOUNT
n_3127,n_3131,USES_IP
n_3132,n_3133,HAS_DIRECTOR
n_3132,n_3134,HAS_DIRECTOR
n_3132,n_3135,HAS_BANK_ACCOUNT
n_3132,n_3136,USES_IP
n_3137,n_13,HAS_DIRECTOR
n_3137,n_3138,HAS_BANK_ACCOUNT
n_3137,n_3139,USES_IP
n_3140,n_3141,HAS_DIRECTOR
n_3140,n_3142,HAS_BANK_ACCOUNT
n_3140,n_3,USES_IP
n_3143,n_3144,HAS_DIRECTOR
n_3143,n_3145,HAS_BANK_ACCOUNT
n_3143,n_3146,USES_IP
n_3147,n_3148,HAS_DIRECTOR
n_3147,n_3149,HAS_BANK_ACCOUNT
n_3147,n_3150,USES_IP
n_3151,n_3152,HAS_DIRECTOR
n_3151,n_3153,HAS_DIRECTOR
n_3151,n_3154,HAS_BANK_ACCOUNT
n_3151,n_3155,USES_IP
n_3156,n_3157,HAS_DIRECTOR
n_3156,n_3158,HAS_DIRECTOR
n_3156,n_3159,HAS_BANK_ACCOUNT
n_3156,n_3160,USES_IP
n_3161,n_3162,HAS_DIRECTOR
n_3161,n_3163,HAS_DIRECTOR
n_3161,n_3164,HAS_BANK_ACCOUNT
n_3161,n_3165,USES_IP
n_3166,n_3167,HAS_DIRECTOR
n_3166,n_3168,HAS_BANK_ACCOUNT
n_3166,n_3169,USES_IP
n_3170,n_3171,HAS_DIRECTOR
n_3170,n_3172,HAS_BANK_ACCOUNT
n_3170,n_3173,USES_IP
n_3174,n_3175,HAS_DIRECTOR
n_3174,n_3176,HAS_BANK_ACCOUNT
n_3174,n_3177,USES_IP
n_3178,n_3179,HAS_DIRECTOR
n_3178,n_3180,HAS_BANK_ACCOUNT
n_3178,n_3181,USES_IP
n_3182,n_3183,HAS_DIRECTOR
n_3182,n_3184,HAS_BANK_ACCOUNT
n_3182,n_3185,USES_IP
n_3186,n_3187,HAS_DIRECTOR
n_3186,n_3188,HAS_DIRECTOR
n_3186,n_3189,HAS_BANK_ACCOUNT
n_3186,n_3190,USES_IP
n_3191,n_3192,HAS_DIRECTOR
n_3191,n_3193,HAS_BANK_ACCOUNT
n_3191,n_3194,USES_IP
n_3195,n_3196,HAS_DIRECTOR
n_3195,n_3197,HAS_BANK_ACCOUNT
n_3195,n_3198,USES_IP
n_3199,n_3200,HAS_DIRECTOR
n_3199,n_3201,HAS_DIRECTOR
n_3199,n_3202,HAS_BANK_ACCOUNT
n_3199,n_3203,USES_IP
n_3204,n_3205,HAS_DIRECTOR
n_3204,n_3206,HAS_BANK_ACCOUNT
n_3204,n_3207,USES_IP
n_3208,n_3209,HAS_DIRECTOR
n_3208,n_3210,HAS_BANK_ACCOUNT
n_3208,n_2,USES_IP
n_3211,n_3212,HAS_DIRECTOR
n_3211,n_3213,HAS_DIRECTOR
n_3211,n_3214,HAS_BANK_ACCOUNT
n_3211,n_3215,USES_IP
n_3216,n_3217,HAS_DIRECTOR
n_3216,n_3218,HAS_DIRECTOR
n_3216,n_3219,HAS_BANK_ACCOUNT
n_3216,n_5,USES_IP
n_3220,n_3221,HAS_DIRECTOR
n_3220,n_3222,HAS_BANK_ACCOUNT
n_3220,n_3223,USES_IP
n_3224,n_3225,HAS_DIRECTOR
n_3224,n_3226,HAS_BANK_ACCOUNT
n_3224,n_4,USES_IP
n_3227,n_3228,HAS_DIRECTOR
n_3227,n_3229,HAS_DIRECTOR
n_3227,n_3230,HAS_BANK_ACCOUNT
n_3227,n_3231,USES_IP
n_3232,n_3233,HAS_DIRECTOR
n_3232,n_3234,HAS_BANK_ACCOUNT
n_3232,n_3235,USES_IP
n_3236,n_3237,HAS_DIRECTOR
n_3236,n_3238,HAS_DIRECTOR
n_3236,n_3239,HAS_BANK_ACCOUNT
n_3236,n_3240,USES_IP
n_3241,n_3242,HAS_DIRECTOR
n_3241,n_3243,HAS_DIRECTOR
n_3241,n_3244,HAS_BANK_ACCOUNT
n_3241,n_3245,USES_IP
n_3246,n_6,HAS_DIRECTOR
n_3246,n_3247,HAS_BANK_ACCOUNT
n_3246,n_3248,USES_IP
n_3249,n_3250,HAS_DIRECTOR
n_3249,n_3251,HAS_BANK_ACCOUNT
n_3249,n_3252,USES_IP
n_3253,n_3254,HAS_DIRECTOR
n_3253,n_3255,HAS_BANK_ACCOUNT
n_3253,n_3256,USES_IP
n_3257,n_3258,HAS_DIRECTOR
n_3257,n_3259,HAS_DIRECTOR
n_3257,n_3260,HAS_BANK_ACCOUNT
n_3257,n_3261,USES_IP
n_3262,n_3263,HAS_DIRECTOR
n_3262,n_3264,HAS_BANK_ACCOUNT
n_3262,n_3265,USES_IP
n_3266,n_3267,HAS_DIRECTOR
n_3266,n_3268,HAS_DIRECTOR
n_3266,n_3269,HAS_BANK_ACCOUNT
n_3266,n_3270,USES_IP
n_3271,n_3272,HAS_DIRECTOR
n_3271,n_3273,HAS_DIRECTOR
n_3271,n_3274,HAS_BANK_ACCOUNT
n_3271,n_3275,USES_IP
n_3276,n_3277,HAS_DIRECTOR
n_3276,n_3278,HAS_BANK_ACCOUNT
n_3276,n_3279,USES_IP
n_3280,n_3281,HAS_DIRECTOR
n_3280,n_3282,HAS_BANK_ACCOUNT
n_3280,n_3283,USES_IP
n_3284,n_3285,HAS_DIRECTOR
n_3284,n_3286,HAS_DIRECTOR
n_3284,n_3287,HAS_BANK_ACCOUNT
n_3284,n_3288,USES_IP
n_3289,n_3290,HAS_DIRECTOR
n_3289,n_3291,HAS_BANK_ACCOUNT
n_3289,n_3292,USES_IP
n_3293,n_3294,HAS_DIRECTOR
n_3293,n_3295,HAS_BANK_ACCOUNT
n_3293,n_3296,USES_IP
n_3297,n_3298,HAS_DIRECTOR
n_3297,n_3299,HAS_DIRECTOR
n_3297,n_3300,HAS_BANK_ACCOUNT
n_3297,n_3301,USES_IP
n_3302,n_3303,HAS_DIRECTOR
n_3302,n_3304,HAS_DIRECTOR
n_3302,n_3305,HAS_BANK_ACCOUNT
n_3302,n_2,USES_IP
n_3306,n_3307,HAS_DIRECTOR
n_3306,n_3308,HAS_BANK_ACCOUNT
n_3306,n_3309,USES_IP
n_3310,n_3311,HAS_DIRECTOR
n_3310,n_3312,HAS_DIRECTOR
n_3310,n_3313,HAS_BANK_ACCOUNT
n_3310,n_3314,USES_IP
n_3315,n_3316,HAS_DIRECTOR
n_3315,n_3317,HAS_DIRECTOR
n_3315,n_3318,HAS_BANK_ACCOUNT
n_3315,n_3319,USES_IP
n_3320,n_3321,HAS_DIRECTOR
n_3320,n_3322,HAS_BANK_ACCOUNT
n_3320,n_4,USES_IP
n_3323,n_3324,HAS_DIRECTOR
n_3323,n_3325,HAS_DIRECTOR
n_3323,n_3326,HAS_BANK_ACCOUNT
n_3323,n_3327,USES_IP
n_3328,n_3329,HAS_DIRECTOR
n_3328,n_3330,HAS_BANK_ACCOUNT
n_3328,n_3331,USES_IP
n_3332,n_3333,HAS_DIRECTOR
n_3332,n_3334,HAS_BANK_ACCOUNT
n_3332,n_3335,USES_IP
n_3336,n_3337,HAS_DIRECTOR
n_3336,n_3338,HAS_DIRECTOR
n_3336,n_3339,HAS_BANK_ACCOUNT
n_3336,n_3,USES_IP
n_3340,n_3341,HAS_DIRECTOR
n_3340,n_3342,HAS_DIRECTOR
n_3340,n_3343,HAS_BANK_ACCOUNT
n_3340,n_3344,USES_IP
n_3345,n_3346,HAS_DIRECTOR
n_3345,n_3347,HAS_BANK_ACCOUNT
n_3345,n_3348,USES_IP
n_3349,n_3350,HAS_DIRECTOR
n_3349,n_3351,HAS_DIRECTOR
n_3349,n_3352,HAS_BANK_ACCOUNT
n_3349,n_3353,USES_IP
n_3354,n_3355,HAS_DIRECTOR
n_3354,n_3356,HAS_BANK_ACCOUNT
n_3354,n_3357,USES_IP
n_3358,n_3359,HAS_DIRECTOR
n_3358,n_3360,HAS_BANK_ACCOUNT
n_3358,n_3361,USES_IP
n_3365,n_3363,HAS_BANK_ACCOUNT
n_3365,n_5,USES_IP
n_3365,n_3366,HAS_DIRECTOR
n_3367,n_3363,HAS_BANK_ACCOUNT
n_3367,n_4,USES_IP
n_3367,n_3368,HAS_DIRECTOR
n_3369,n_3363,HAS_BANK_ACCOUNT
n_3369,n_3370,USES_IP
n_3369,n_3371,HAS_DIRECTOR
n_3372,n_3363,HAS_BANK_ACCOUNT
n_3372,n_1,USES_IP
n_3372,n_3373,HAS_DIRECTOR
n_3374,n_3363,HAS_BANK_ACCOUNT
n_3374,n_3375,USES_IP
n_3374,n_3364,HAS_DIRECTOR
n_3376,n_3362,HAS_BANK_ACCOUNT
n_3376,n_3377,USES_IP
n_3376,n_3378,HAS_DIRECTOR
n_3382,n_3379,HAS_BANK_ACCOUNT
n_3382,n_2,USES_IP
n_3382,n_3381,HAS_DIRECTOR
n_3383,n_3380,HAS_BANK_ACCOUNT
n_3383,n_3384,USES_IP
n_3383,n_3381,HAS_DIRECTOR
n_3385,n_3380,HAS_BANK_ACCOUNT
n_3385,n_3386,USES_IP
n_3385,n_3387,HAS_DIRECTOR
n_3388,n_3379,HAS_BANK_ACCOUNT
n_3388,n_3389,USES_IP
n_3388,n_3381,HAS_DIRECTOR
n_3390,n_3379,HAS_BANK_ACCOUNT
n_3390,n_3391,USES_IP
n_3390,n_3381,HAS_DIRECTOR
n_3392,n_3379,HAS_BANK_ACCOUNT
n_3392,n_3393,USES_IP
n_3392,n_3394,HAS_DIRECTOR
n_3398,n_3395,HAS_BANK_ACCOUNT
n_3398,n_3399,USES_IP
n_3398,n_3400,HAS_DIRECTOR
n_3401,n_3395,HAS_BANK_ACCOUNT
n_3401,n_4,USES_IP
n_3401,n_3402,HAS_DIRECTOR
n_3403,n_3396,HAS_BANK_ACCOUNT
n_3403,n_4,USES_IP
n_3403,n_3397,HAS_DIRECTOR
n_3407,n_3404,HAS_BANK_ACCOUNT
n_3407,n_3408,USES_IP
n_3407,n_3409,HAS_DIRECTOR
n_3410,n_3404,HAS_BANK_ACCOUNT
n_3410,n_3411,USES_IP
n_3410,n_3412,HAS_DIRECTOR
n_3413,n_3405,HAS_BANK_ACCOUNT
n_3413,n_3414,USES_IP
n_3413,n_3406,HAS_DIRECTOR
n_3415,n_3404,HAS_BANK_ACCOUNT
n_3415,n_2,USES_IP
n_3415,n_3416,HAS_DIRECTOR
n_3417,n_3404,HAS_BANK_ACCOUNT
n_3417,n_2,USES_IP
n_3417,n_3418,HAS_DIRECTOR
n_3419,n_3404,HAS_BANK_ACCOUNT
n_3419,n_2,USES_IP
n_3419,n_3406,HAS_DIRECTOR
n_3423,n_3420,HAS_BANK_ACCOUNT
n_3423,n_3424,USES_IP
n_3423,n_3425,HAS_DIRECTOR
n_3426,n_3420,HAS_BANK_ACCOUNT
n_3426,n_4,USES_IP
n_3426,n_3427,HAS_DIRECTOR
n_3428,n_3421,HAS_BANK_ACCOUNT
n_3428,n_3429,USES_IP
n_3428,n_3430,HAS_DIRECTOR
n_3431,n_3421,HAS_BANK_ACCOUNT
n_3431,n_2,USES_IP
n_3431,n_3432,HAS_DIRECTOR
n_3433,n_3421,HAS_BANK_ACCOUNT
n_3433,n_1,USES_IP
n_3433,n_3422,HAS_DIRECTOR
n_3434,n_3421,HAS_BANK_ACCOUNT
n_3434,n_3435,USES_IP
n_3434,n_3422,HAS_DIRECTOR
n_3439,n_3437,HAS_BANK_ACCOUNT
n_3439,n_3440,USES_IP
n_3439,n_3441,HAS_DIRECTOR
n_3442,n_3436,HAS_BANK_ACCOUNT
n_3442,n_3443,USES_IP
n_3442,n_3444,HAS_DIRECTOR
n_3445,n_3437,HAS_BANK_ACCOUNT
n_3445,n_1,USES_IP
n_3445,n_3446,HAS_DIRECTOR
n_3447,n_3436,HAS_BANK_ACCOUNT
n_3447,n_3,USES_IP
n_3447,n_3448,HAS_DIRECTOR
n_3452,n_3450,HAS_BANK_ACCOUNT
n_3452,n_2,USES_IP
n_3452,n_3451,HAS_DIRECTOR
n_3453,n_3449,HAS_BANK_ACCOUNT
n_3453,n_3454,USES_IP
n_3453,n_3455,HAS_DIRECTOR
n_3456,n_3450,HAS_BANK_ACCOUNT
n_3456,n_3457,USES_IP
n_3456,n_3451,HAS_DIRECTOR
n_3458,n_3450,HAS_BANK_ACCOUNT
n_3458,n_5,USES_IP
n_3458,n_3451,HAS_DIRECTOR
n_3459,n_3450,HAS_BANK_ACCOUNT
n_3459,n_1,USES_IP
n_3459,n_3451,HAS_DIRECTOR
n_3460,n_3449,HAS_BANK_ACCOUNT
n_3460,n_3461,USES_IP
n_3460,n_3462,HAS_DIRECTOR
n_3466,n_3463,HAS_BANK_ACCOUNT
n_3466,n_4,USES_IP
n_3466,n_3467,HAS_DIRECTOR
n_3468,n_3463,HAS_BANK_ACCOUNT
n_3468,n_3469,USES_IP
n_3468,n_3470,HAS_DIRECTOR
n_3471,n_3463,HAS_BANK_ACCOUNT
n_3471,n_3472,USES_IP
n_3471,n_3473,HAS_DIRECTOR
n_3474,n_3464,HAS_BANK_ACCOUNT
n_3474,n_3475,USES_IP
n_3474,n_3465,HAS_DIRECTOR
n_3479,n_3477,HAS_BANK_ACCOUNT
n_3479,n_2,USES_IP
n_3479,n_3480,HAS_DIRECTOR
n_3481,n_3476,HAS_BANK_ACCOUNT
n_3481,n_2,USES_IP
n_3481,n_3482,HAS_DIRECTOR
n_3483,n_3477,HAS_BANK_ACCOUNT
n_3483,n_3,USES_IP
n_3483,n_3484,HAS_DIRECTOR
n_3488,n_3486,HAS_BANK_ACCOUNT
n_3488,n_1,USES_IP
n_3488,n_3487,HAS_DIRECTOR
n_3489,n_3485,HAS_BANK_ACCOUNT
n_3489,n_3490,USES_IP
n_3489,n_3491,HAS_DIRECTOR
n_3492,n_3485,HAS_BANK_ACCOUNT
n_3492,n_3493,USES_IP
n_3492,n_3487,HAS_DIRECTOR
n_3494,n_3485,HAS_BANK_ACCOUNT
n_3494,n_3495,USES_IP
n_3494,n_3496,HAS_DIRECTOR
n_3500,n_3498,HAS_BANK_ACCOUNT
n_3500,n_2,USES_IP
n_3500,n_3501,HAS_DIRECTOR
n_3502,n_3498,HAS_BANK_ACCOUNT
n_3502,n_5,USES_IP
n_3502,n_3499,HAS_DIRECTOR
n_3503,n_3497,HAS_BANK_ACCOUNT
n_3503,n_3504,USES_IP
n_3503,n_3505,HAS_DIRECTOR
n_3509,n_3506,HAS_BANK_ACCOUNT
n_3509,n_3510,USES_IP
n_3509,n_3511,HAS_DIRECTOR
n_3512,n_3507,HAS_BANK_ACCOUNT
n_3512,n_2,USES_IP
n_3512,n_3508,HAS_DIRECTOR
n_3513,n_3506,HAS_BANK_ACCOUNT
n_3513,n_4,USES_IP
n_3513,n_3514,HAS_DIRECTOR
n_3518,n_3516,HAS_BANK_ACCOUNT
n_3518,n_3,USES_IP
n_3518,n_3519,HAS_DIRECTOR
n_3520,n_3515,HAS_BANK_ACCOUNT
n_3520,n_1,USES_IP
n_3520,n_3521,HAS_DIRECTOR
n_3522,n_3515,HAS_BANK_ACCOUNT
n_3522,n_3523,USES_IP
n_3522,n_3517,HAS_DIRECTOR
n_3524,n_3515,HAS_BANK_ACCOUNT
n_3524,n_1,USES_IP
n_3524,n_3517,HAS_DIRECTOR
n_3528,n_3526,HAS_BANK_ACCOUNT
n_3528,n_3529,USES_IP
n_3528,n_3530,HAS_DIRECTOR
n_3531,n_3525,HAS_BANK_ACCOUNT
n_3531,n_3532,USES_IP
n_3531,n_3533,HAS_DIRECTOR
n_3534,n_3526,HAS_BANK_ACCOUNT
n_3534,n_2,USES_IP
n_3534,n_3535,HAS_DIRECTOR
n_3536,n_3526,HAS_BANK_ACCOUNT
n_3536,n_2,USES_IP
n_3536,n_3527,HAS_DIRECTOR
n_3537,n_3525,HAS_BANK_ACCOUNT
n_3537,n_3538,USES_IP
n_3537,n_3527,HAS_DIRECTOR
n_3542,n_3539,HAS_BANK_ACCOUNT
n_3542,n_1,USES_IP
n_3542,n_3541,HAS_DIRECTOR
n_3543,n_3539,HAS_BANK_ACCOUNT
n_3543,n_4,USES_IP
n_3543,n_3541,HAS_DIRECTOR
n_3544,n_3540,HAS_BANK_ACCOUNT
n_3544,n_3545,USES_IP
n_3544,n_3546,HAS_DIRECTOR
n_3550,n_3548,HAS_BANK_ACCOUNT
n_3550,n_3551,USES_IP
n_3550,n_3552,HAS_DIRECTOR
n_3553,n_3547,HAS_BANK_ACCOUNT
n_3553,n_1,USES_IP
n_3553,n_3554,HAS_DIRECTOR
n_3555,n_3547,HAS_BANK_ACCOUNT
n_3555,n_5,USES_IP
n_3555,n_3556,HAS_DIRECTOR
n_3557,n_3548,HAS_BANK_ACCOUNT
n_3557,n_3558,USES_IP
n_3557,n_3549,HAS_DIRECTOR
n_3562,n_3559,HAS_BANK_ACCOUNT
n_3562,n_4,USES_IP
n_3562,n_3563,HAS_DIRECTOR
n_3564,n_3559,HAS_BANK_ACCOUNT
n_3564,n_3565,USES_IP
n_3564,n_3561,HAS_DIRECTOR
n_3566,n_3559,HAS_BANK_ACCOUNT
n_3566,n_3567,USES_IP
n_3566,n_3561,HAS_DIRECTOR
n_3571,n_3569,HAS_BANK_ACCOUNT
n_3571,n_3572,USES_IP
n_3571,n_3573,HAS_DIRECTOR
n_3574,n_3568,HAS_BANK_ACCOUNT
n_3574,n_2,USES_IP
n_3574,n_3570,HAS_DIRECTOR
n_3575,n_3568,HAS_BANK_ACCOUNT
n_3575,n_3576,USES_IP
n_3575,n_3577,HAS_DIRECTOR
n_3578,n_3569,HAS_BANK_ACCOUNT
n_3578,n_3579,USES_IP
n_3578,n_3580,HAS_DIRECTOR
n_3581,n_3569,HAS_BANK_ACCOUNT
n_3581,n_2,USES_IP
n_3581,n_3582,HAS_DIRECTOR
n_3583,n_3569,HAS_BANK_ACCOUNT
n_3583,n_3584,USES_IP
n_3583,n_3585,HAS_DIRECTOR
n_3589,n_3587,HAS_BANK_ACCOUNT
n_3589,n_5,USES_IP
n_3589,n_3590,HAS_DIRECTOR
n_3591,n_3587,HAS_BANK_ACCOUNT
n_3591,n_3592,USES_IP
n_3591,n_3588,HAS_DIRECTOR
n_3593,n_3587,HAS_BANK_ACCOUNT
n_3593,n_3594,USES_IP
n_3593,n_3595,HAS_DIRECTOR
n_3596,n_3587,HAS_BANK_ACCOUNT
n_3596,n_3597,USES_IP
n_3596,n_3588,HAS_DIRECTOR
n_3601,n_3599,HAS_BANK_ACCOUNT
n_3601,n_5,USES_IP
n_3601,n_3600,HAS_DIRECTOR
n_3602,n_3598,HAS_BANK_ACCOUNT
n_3602,n_3603,USES_IP
n_3602,n_3604,HAS_DIRECTOR
n_3605,n_3598,HAS_BANK_ACCOUNT
n_3605,n_3606,USES_IP
n_3605,n_3607,HAS_DIRECTOR
n_3611,n_3608,HAS_BANK_ACCOUNT
n_3611,n_3612,USES_IP
n_3611,n_3613,HAS_DIRECTOR
n_3614,n_3608,HAS_BANK_ACCOUNT
n_3614,n_3,USES_IP
n_3614,n_3610,HAS_DIRECTOR
n_3615,n_3608,HAS_BANK_ACCOUNT
n_3615,n_3616,USES_IP
n_3615,n_3617,HAS_DIRECTOR
n_3618,n_3609,HAS_BANK_ACCOUNT
n_3618,n_1,USES_IP
n_3618,n_3610,HAS_DIRECTOR
n_3622,n_3619,HAS_BANK_ACCOUNT
n_3622,n_3623,USES_IP
n_3622,n_3624,HAS_DIRECTOR
n_3625,n_3619,HAS_BANK_ACCOUNT
n_3625,n_4,USES_IP
n_3625,n_3621,HAS_DIRECTOR
n_3626,n_3620,HAS_BANK_ACCOUNT
n_3626,n_3627,USES_IP
n_3626,n_3628,HAS_DIRECTOR
n_3629,n_3620,HAS_BANK_ACCOUNT
n_3629,n_3630,USES_IP
n_3629,n_3631,HAS_DIRECTOR
n_3632,n_3619,HAS_BANK_ACCOUNT
n_3632,n_3633,USES_IP
n_3632,n_3634,HAS_DIRECTOR
n_3638,n_3635,HAS_BANK_ACCOUNT
n_3638,n_5,USES_IP
n_3638,n_3639,HAS_DIRECTOR
n_3640,n_3636,HAS_BANK_ACCOUNT
n_3640,n_3641,USES_IP
n_3640,n_3637,HAS_DIRECTOR
n_3642,n_3636,HAS_BANK_ACCOUNT
n_3642,n_3643,USES_IP
n_3642,n_3644,HAS_DIRECTOR
n_3645,n_3635,HAS_BANK_ACCOUNT
n_3645,n_3646,USES_IP
n_3645,n_3637,HAS_DIRECTOR
n_3650,n_3647,HAS_BANK_ACCOUNT
n_3650,n_3,USES_IP
n_3650,n_3651,HAS_DIRECTOR
n_3652,n_3648,HAS_BANK_ACCOUNT
n_3652,n_3653,USES_IP
n_3652,n_3654,HAS_DIRECTOR
n_3655,n_3648,HAS_BANK_ACCOUNT
n_3655,n_3656,USES_IP
n_3655,n_3657,HAS_DIRECTOR
n_3658,n_3648,HAS_BANK_ACCOUNT
n_3658,n_1,USES_IP
n_3658,n_3649,HAS_DIRECTOR
n_3662,n_3659,HAS_BANK_ACCOUNT
n_3662,n_4,USES_IP
n_3662,n_3663,HAS_DIRECTOR
n_3664,n_3659,HAS_BANK_ACCOUNT
n_3664,n_1,USES_IP
n_3664,n_3665,HAS_DIRECTOR
n_3666,n_3659,HAS_BANK_ACCOUNT
n_3666,n_3667,USES_IP
n_3666,n_3661,HAS_DIRECTOR
n_3668,n_3659,HAS_BANK_ACCOUNT
n_3668,n_2,USES_IP
n_3668,n_3669,HAS_DIRECTOR
n_3670,n_3660,HAS_BANK_ACCOUNT
n_3670,n_3671,USES_IP
n_3670,n_3661,HAS_DIRECTOR
n_3675,n_3672,HAS_BANK_ACCOUNT
n_3675,n_3676,USES_IP
n_3675,n_3677,HAS_DIRECTOR
n_3678,n_3673,HAS_BANK_ACCOUNT
n_3678,n_1,USES_IP
n_3678,n_3674,HAS_DIRECTOR
n_3679,n_3673,HAS_BANK_ACCOUNT
n_3679,n_5,USES_IP
n_3679,n_3680,HAS_DIRECTOR
n_3681,n_3672,HAS_BANK_ACCOUNT
n_3681,n_4,USES_IP
n_3681,n_3682,HAS_DIRECTOR
n_3686,n_3684,HAS_BANK_ACCOUNT
n_3686,n_3687,USES_IP
n_3686,n_3688,HAS_DIRECTOR
n_3689,n_3683,HAS_BANK_ACCOUNT
n_3689,n_3690,USES_IP
n_3689,n_3691,HAS_DIRECTOR
n_3692,n_3684,HAS_BANK_ACCOUNT
n_3692,n_2,USES_IP
n_3692,n_3685,HAS_DIRECTOR
n_3693,n_3684,HAS_BANK_ACCOUNT
n_3693,n_3,USES_IP
n_3693,n_3694,HAS_DIRECTOR
n_3698,n_3695,HAS_BANK_ACCOUNT
n_3698,n_5,USES_IP
n_3698,n_3697,HAS_DIRECTOR
n_3699,n_3695,HAS_BANK_ACCOUNT
n_3699,n_3700,USES_IP
n_3699,n_3697,HAS_DIRECTOR
n_3701,n_3696,HAS_BANK_ACCOUNT
n_3701,n_3,USES_IP
n_3701,n_3702,HAS_DIRECTOR
n_3703,n_3695,HAS_BANK_ACCOUNT
n_3703,n_4,USES_IP
n_3703,n_3697,HAS_DIRECTOR
n_3707,n_3705,HAS_BANK_ACCOUNT
n_3707,n_3708,USES_IP
n_3707,n_3706,HAS_DIRECTOR
n_3709,n_3705,HAS_BANK_ACCOUNT
n_3709,n_3710,USES_IP
n_3709,n_3711,HAS_DIRECTOR
n_3712,n_3704,HAS_BANK_ACCOUNT
n_3712,n_3713,USES_IP
n_3712,n_3706,HAS_DIRECTOR
n_3714,n_3705,HAS_BANK_ACCOUNT
n_3714,n_3715,USES_IP
n_3714,n_3706,HAS_DIRECTOR
n_3716,n_3705,HAS_BANK_ACCOUNT
n_3716,n_5,USES_IP
n_3716,n_3717,HAS_DIRECTOR
n_3718,n_3705,HAS_BANK_ACCOUNT
n_3718,n_5,USES_IP
n_3718,n_3719,HAS_DIRECTOR
n_3723,n_3721,HAS_BANK_ACCOUNT
n_3723,n_3724,USES_IP
n_3723,n_3722,HAS_DIRECTOR
n_3725,n_3720,HAS_BANK_ACCOUNT
n_3725,n_3726,USES_IP
n_3725,n_3727,HAS_DIRECTOR
n_3728,n_3720,HAS_BANK_ACCOUNT
n_3728,n_3,USES_IP
n_3728,n_3729,HAS_DIRECTOR
